"metric","mergesort-Broadwell-X86_count","mergesort-Skylake-X86_count","nqueens-Broadwell-X86_count","nqueens-Skylake-X86_count","quicksort-Broadwell-X86_count","quicksort-Skylake-X86_count"
"finalTick",770442154000,765466743000,859624326000,859577749000,956556856000,946948909000
"hostInstRate",151934,153576,199568,171377,149879,153961
"hostMemory",8658712,8602388,8647116,8589772,8654288,8597964
"hostOpRate",235876,238426,317276,272457,236488,242930
"hostSeconds",4878.2,4826.04,6171.94,7187.21,5723.11,5571.35
"hostTickRate",157935841,158611792,139279454,119598316,167139222,169967657
"simFreq",1e+12,1e+12,1e+12,1e+12,1e+12,1e+12
"simInsts",741164707,741164707,1231719771,1231719771,857772823,857772823
"simOps",1150651453,1150651453,1958207453,1958207453,1353449561,1353449561
"simSeconds",0.770442,0.765467,0.859624,0.859578,0.956557,0.946949
"simTicks",770442154000,765466743000,859624326000,859577749000,956556856000,946948909000
"system.clk_domain.clock",1000,1000,1000,1000,1000,1000
"system.clk_domain.voltage_domain.voltage",1,1,1,1,1,1
"system.cpu.MemDepUnit__0.conflictingLoads",186871700,186928493,158917354,158889001,225994001,224575154
"system.cpu.MemDepUnit__0.conflictingStores",59280324,59257941,2998962,3026109,45182638,44064222
"system.cpu.MemDepUnit__0.insertedLoads",461758095,461948675,719869870,719845737,514086115,512510678
"system.cpu.MemDepUnit__0.insertedStores",126023939,126070046,75427515,75431177,208077181,207516725
"system.cpu.branchPred.BTBHitRatio",0.803758,0.80386,0.994331,0.994338,0.718154,0.717354
"system.cpu.branchPred.BTBHits",108043562,108117115,201422481,201414465,101200299,100678037
"system.cpu.branchPred.BTBLookups",134422927,134497493,202570775,202561447,140917355,140346356
"system.cpu.branchPred.BTBMispredicted",768,765,656,656,752,752
"system.cpu.branchPred.BTBUpdates",2506718,2511824,3671283,3670040,4047431,4040335
"system.cpu.branchPred.NotTakenMispredicted",2506914,2512021,3671384,3670141,4057847,4050759
"system.cpu.branchPred.TakenMispredicted",2457731,2456045,3598695,3598318,4375138,4377297
"system.cpu.branchPred.btb.lookups::CallDirect",8274086,8276499,1400164,1401776,27897358,27823475
"system.cpu.branchPred.btb.lookups::CallIndirect",99,99,152,152,153,155
"system.cpu.branchPred.btb.lookups::DirectCond",103866642,103924499,185335334,185326728,85288171,84841331
"system.cpu.branchPred.btb.lookups::DirectUncond",14265235,14279618,14689535,14688524,809576,808095
"system.cpu.branchPred.btb.lookups::IndirectUncond",169,170,180,180,212,206
"system.cpu.branchPred.btb.lookups::Return",8016696,8016608,1145410,1144087,26921885,26873094
"system.cpu.branchPred.btb.lookups::total",134422927,134497493,202570775,202561447,140917355,140346356
"system.cpu.branchPred.btb.mispredict::CallDirect",231,230,197,197,223,223
"system.cpu.branchPred.btb.mispredict::DirectCond",2506325,2511433,3670946,3669703,4047042,4039946
"system.cpu.branchPred.btb.mispredict::DirectUncond",162,161,140,140,166,166
"system.cpu.branchPred.btb.mispredict::total",2506718,2511824,3671283,3670040,4047431,4040335
"system.cpu.branchPred.btb.misses::CallDirect",354,353,297,298,343,339
"system.cpu.branchPred.btb.misses::CallIndirect",99,99,152,152,153,155
"system.cpu.branchPred.btb.misses::DirectCond",18361830,18362932,2063,2073,12794231,12794294
"system.cpu.branchPred.btb.misses::DirectUncond",217,216,192,192,232,231
"system.cpu.branchPred.btb.misses::IndirectUncond",169,170,180,180,212,206
"system.cpu.branchPred.btb.misses::Return",8016696,8016608,1145410,1144087,26921885,26873094
"system.cpu.branchPred.btb.misses::total",26379365,26380378,1148294,1146982,39717056,39668319
"system.cpu.branchPred.btb.power_state.pwrStateResidencyTicks::UNDEFINED",770442154000,765466743000,859624326000,859577749000,956556856000,946948909000
"system.cpu.branchPred.btb.updates::CallDirect",231,230,197,197,223,223
"system.cpu.branchPred.btb.updates::DirectCond",2506325,2511433,3670946,3669703,4047042,4039946
"system.cpu.branchPred.btb.updates::DirectUncond",162,161,140,140,166,166
"system.cpu.branchPred.btb.updates::total",2506718,2511824,3671283,3670040,4047431,4040335
"system.cpu.branchPred.committed_0::CallDirect",6296905,6296905,856387,856387,19119544,19119544
"system.cpu.branchPred.committed_0::CallIndirect",46,46,42,42,47,47
"system.cpu.branchPred.committed_0::DirectCond",68208656,68208656,153991489,153991489,63145946,63145946
"system.cpu.branchPred.committed_0::DirectUncond",8323982,8323982,11816421,11816421,699118,699118
"system.cpu.branchPred.committed_0::IndirectUncond",39,39,49,49,52,52
"system.cpu.branchPred.committed_0::Return",6296946,6296946,856424,856424,19119586,19119586
"system.cpu.branchPred.committed_0::total",89126574,89126574,167520812,167520812,102084293,102084293
"system.cpu.branchPred.condIncorrect",4964645,4968066,7270079,7268459,8432985,8428056
"system.cpu.branchPred.condPredicted",103866642,103924499,185335334,185326728,85288171,84841331
"system.cpu.branchPred.condPredictedTaken",46460457,46484162,76405006,76402777,54316372,53974457
"system.cpu.branchPred.corrected_0::CallDirect",231,230,197,197,223,223
"system.cpu.branchPred.corrected_0::CallIndirect",47,47,45,45,47,47
"system.cpu.branchPred.corrected_0::DirectCond",4964056,4967478,7269641,7268021,8422180,8417243
"system.cpu.branchPred.corrected_0::DirectUncond",162,161,140,140,166,166
"system.cpu.branchPred.corrected_0::IndirectUncond",43,43,47,47,45,45
"system.cpu.branchPred.corrected_0::Return",106,107,9,9,10324,10332
"system.cpu.branchPred.corrected_0::total",4964645,4968066,7270079,7268459,8432985,8428056
"system.cpu.branchPred.indirectBranchPred.hits",10,10,10,10,16,16
"system.cpu.branchPred.indirectBranchPred.indirectRecords",358,359,424,424,457,453
"system.cpu.branchPred.indirectBranchPred.lookups",268,269,332,332,365,361
"system.cpu.branchPred.indirectBranchPred.misses",258,259,322,322,349,345
"system.cpu.branchPred.indirectBranchPred.speculativeOverflows",3,3,3,3,3,3
"system.cpu.branchPred.indirectBranchPred.targetRecords",90,90,92,92,92,92
"system.cpu.branchPred.indirectHits",10,10,10,10,16,16
"system.cpu.branchPred.indirectLookups",268,269,332,332,365,361
"system.cpu.branchPred.indirectMisses",258,259,322,322,349,345
"system.cpu.branchPred.lookups_0::CallDirect",8274086,8276499,1400164,1401776,27897358,27823475
"system.cpu.branchPred.lookups_0::CallIndirect",99,99,152,152,153,155
"system.cpu.branchPred.lookups_0::DirectCond",103866642,103924499,185335334,185326728,85288171,84841331
"system.cpu.branchPred.lookups_0::DirectUncond",14265235,14279618,14689535,14688524,809576,808095
"system.cpu.branchPred.lookups_0::IndirectUncond",169,170,180,180,212,206
"system.cpu.branchPred.lookups_0::Return",8016696,8016608,1145410,1144087,26921885,26873094
"system.cpu.branchPred.lookups_0::total",134422927,134497493,202570775,202561447,140917355,140346356
"system.cpu.branchPred.mispredicted_0::CallDirect",116,117,101,104,112,111
"system.cpu.branchPred.mispredicted_0::CallIndirect",44,44,41,41,43,43
"system.cpu.branchPred.mispredicted_0::DirectCond",4963334,4966735,6935377,6933945,8399276,8395374
"system.cpu.branchPred.mispredicted_0::DirectUncond",95,96,88,88,104,106
"system.cpu.branchPred.mispredicted_0::IndirectUncond",38,38,43,43,43,43
"system.cpu.branchPred.mispredicted_0::Return",96,97,0,0,10313,10321
"system.cpu.branchPred.mispredicted_0::total",4963723,4967127,6935650,6934221,8409891,8405998
"system.cpu.branchPred.predTakenBTBMiss",399,398,339,340,389,389
"system.cpu.branchPred.ras.correct",6296850,6296849,856424,856424,19109273,19109265
"system.cpu.branchPred.ras.incorrect",96,97,0,0,10313,10321
"system.cpu.branchPred.ras.pops",9993930,9996255,1689297,1689586,35699805,35577133
"system.cpu.branchPred.ras.pushes",9993935,9996260,1689302,1689591,35699810,35577138
"system.cpu.branchPred.ras.squashes",3696984,3699309,832873,833162,16580219,16457547
"system.cpu.branchPred.ras.used",6296946,6296946,856424,856424,19119586,19119586
"system.cpu.branchPred.squashes_0::CallDirect",1977181,1979594,543777,545389,8777814,8703931
"system.cpu.branchPred.squashes_0::CallIndirect",53,53,110,110,106,108
"system.cpu.branchPred.squashes_0::DirectCond",35657982,35715839,31343842,31335236,22142222,21695382
"system.cpu.branchPred.squashes_0::DirectUncond",5941252,5955635,2873113,2872102,110457,108976
"system.cpu.branchPred.squashes_0::IndirectUncond",130,131,131,131,160,154
"system.cpu.branchPred.squashes_0::Return",1719750,1719662,288986,287663,7802299,7753508
"system.cpu.branchPred.squashes_0::total",45296348,45370914,35049959,35040631,38833058,38262059
"system.cpu.branchPred.tage.altMatchProvider::0",12913460,13553083,11456486,13104701,6800428,6120126
"system.cpu.branchPred.tage.altMatchProvider::1",8228108,6524214,18729058,14692098,3136939,3125688
"system.cpu.branchPred.tage.altMatchProvider::2",9960658,11002994,38105349,39734407,19261049,19014696
"system.cpu.branchPred.tage.altMatchProvider::3",12725428,12406351,56429335,56266462,17364122,18936316
"system.cpu.branchPred.tage.altMatchProvider::4",2537697,2497108,14293921,14257884,5673021,4761561
"system.cpu.branchPred.tage.altMatchProvider::5",915000,967285,2041084,2042047,1263354,1295190
"system.cpu.branchPred.tage.altMatchProvider::6",1110242,1090247,288702,286864,1428357,1469294
"system.cpu.branchPred.tage.altMatchProviderCorrect",969253,958403,271638,274124,2315158,2322990
"system.cpu.branchPred.tage.altMatchProviderWouldHaveHit",1689414,1699226,2234362,2233809,1689021,1682488
"system.cpu.branchPred.tage.altMatchProviderWrong",912512,902809,202591,204790,1284086,1290807
"system.cpu.branchPred.tage.bimodalAltMatchProviderCorrect",5247,6368,487,522,46944,40954
"system.cpu.branchPred.tage.bimodalAltMatchProviderWrong",1159,1860,21,20,30560,24833
"system.cpu.branchPred.tage.bimodalProviderCorrect",19809558,20156991,12646527,13605941,8126253,8344407
"system.cpu.branchPred.tage.bimodalProviderWrong",2099,2155,519,543,14919,12881
"system.cpu.branchPred.tage.longestMatchProvider::1",9697736,9607649,8688201,8774520,2012419,1582211
"system.cpu.branchPred.tage.longestMatchProvider::2",8445871,7900802,19261486,16247015,5351952,5719219
"system.cpu.branchPred.tage.longestMatchProvider::3",10400952,10756593,37274252,39740023,14204270,14493903
"system.cpu.branchPred.tage.longestMatchProvider::4",13833740,13736023,58053174,57573449,24420659,24314939
"system.cpu.branchPred.tage.longestMatchProvider::5",2508924,2570381,13694901,13676740,5370357,5117711
"system.cpu.branchPred.tage.longestMatchProvider::6",1255116,1246337,2766876,2767657,1805996,1727743
"system.cpu.branchPred.tage.longestMatchProvider::7",2248254,2223497,1605045,1605059,1761617,1767145
"system.cpu.branchPred.tage.longestMatchProviderCorrect",42460660,42119514,134137457,133176955,44258309,44042215
"system.cpu.branchPred.tage.longestMatchProviderWouldHaveHit",450412,446427,154189,155735,663851,663809
"system.cpu.branchPred.tage.longestMatchProviderWrong",4048168,4060556,6732249,6728594,7069717,7066859
"system.cpu.branchPred.targetProvider_0::BTB",68998506,69038977,92494189,92492559,83022702,82605424
"system.cpu.branchPred.targetProvider_0::Indirect",10,10,10,10,16,16
"system.cpu.branchPred.targetProvider_0::NoTarget",57407715,57441898,108931166,108924791,30972752,30867822
"system.cpu.branchPred.targetProvider_0::RAS",8016696,8016608,1145410,1144087,26921885,26873094
"system.cpu.branchPred.targetProvider_0::total",134422927,134497493,202570775,202561447,140917355,140346356
"system.cpu.branchPred.targetWrong_0::CallDirect",106,107,9,9,10324,10332
"system.cpu.branchPred.targetWrong_0::CallIndirect",2,2,1,1,1,1
"system.cpu.branchPred.targetWrong_0::NoBranch",2506798,2511903,3671369,3670126,4047514,4040418
"system.cpu.branchPred.targetWrong_0::Return",2457735,2456050,3598696,3598319,4375142,4377301
"system.cpu.branchPred.targetWrong_0::total",4964641,4968062,7270075,7268455,8432981,8428052
"system.cpu.commit.branchMispredicts",4964334,4967760,7269790,7268172,8432656,8427729
"system.cpu.commit.commitEligibleSamples",44715541,44662299,123827578,123833331,65129399,64123799
"system.cpu.commit.commitNonSpecStalls",3145905,3145905,48,48,6291528,6291528
"system.cpu.commit.commitSquashedInsts",440105309,440701766,334521375,334446020,366372039,361582292
"system.cpu.commit.committedInstType_0::FloatAdd",8,8,8,8,7,7
"system.cpu.commit.committedInstType_0::FloatMemRead",57,57,57,57,57,57
"system.cpu.commit.committedInstType_0::FloatMemWrite",184,184,184,184,168,168
"system.cpu.commit.committedInstType_0::IntAlu",731134569,731134569,1281385281,1281385281,773077468,773077468
"system.cpu.commit.committedInstType_0::IntDiv",35,35,42,42,49,49
"system.cpu.commit.committedInstType_0::IntMult",142,142,20,20,286,286
"system.cpu.commit.committedInstType_0::MemRead",322984197,322984197,613626955,613626955,415222155,415222155
"system.cpu.commit.committedInstType_0::MemWrite",92859419,92859419,63194368,63194368,162003058,162003058
"system.cpu.commit.committedInstType_0::No_OpClass",3672567,3672567,263,263,3146039,3146039
"system.cpu.commit.committedInstType_0::SimdAlu",118,118,118,118,118,118
"system.cpu.commit.committedInstType_0::SimdCmp",2,2,2,2,2,2
"system.cpu.commit.committedInstType_0::SimdCvt",58,58,58,58,58,58
"system.cpu.commit.committedInstType_0::SimdFloatCvt",3,3,3,3,3,3
"system.cpu.commit.committedInstType_0::SimdMisc",94,94,94,94,93,93
"system.cpu.commit.committedInstType_0::total",1150651453,1150651453,1958207453,1958207453,1353449561,1353449561
"system.cpu.commit.functionCalls",6296951,6296951,856429,856429,19119591,19119591
"system.cpu.commit.membars",2097270,2097270,32,32,4194352,4194352
"system.cpu.commit.numCommittedDist::0",354182780,349138419,276614891,276572207,468493877,456447644
"system.cpu.commit.numCommittedDist::1",123338288,123153119,141736554,141732478,172012360,173853305
"system.cpu.commit.numCommittedDist::2",63396678,63533513,97498944,97512201,76683229,77561174
"system.cpu.commit.numCommittedDist::3",60779212,60888240,100950744,100946666,58747214,59890687
"system.cpu.commit.numCommittedDist::4",14365915,14314510,55424729,55432762,27276297,27241777
"system.cpu.commit.numCommittedDist::5",20354516,20386119,3526378,3530498,19406755,19647543
"system.cpu.commit.numCommittedDist::6",22320987,22291374,10277373,10260452,10716717,10771520
"system.cpu.commit.numCommittedDist::7",9613669,9647331,3857873,3856811,8622092,8568216
"system.cpu.commit.numCommittedDist::8",44715541,44662299,123827578,123833331,65129399,64123799
"system.cpu.commit.numCommittedDist::max_value",8,8,8,8,8,8
"system.cpu.commit.numCommittedDist::mean",1.613664,1.62518,2.406503,2.406614,1.492082,1.507005
"system.cpu.commit.numCommittedDist::samples",713067586,708014924,813715064,813677406,907087940,898105665
"system.cpu.commit.numCommittedDist::stdev",2.351311,2.355263,2.757381,2.757386,2.320916,2.317141
"system.cpu.commit.numCommittedDist::total",713067586,708014924,813715064,813677406,907087940,898105665
"system.cpu.commitStats0.committedControl::IsCall",6296951,6296951,856429,856429,19119591,19119591
"system.cpu.commitStats0.committedControl::IsCondControl",68208656,68208656,153991489,153991489,63145946,63145946
"system.cpu.commitStats0.committedControl::IsControl",89126574,89126574,167520812,167520812,102084293,102084293
"system.cpu.commitStats0.committedControl::IsDirectControl",82829543,82829543,166664297,166664297,82964608,82964608
"system.cpu.commitStats0.committedControl::IsIndirectControl",6297031,6297031,856515,856515,19119685,19119685
"system.cpu.commitStats0.committedControl::IsReturn",6296946,6296946,856424,856424,19119586,19119586
"system.cpu.commitStats0.committedControl::IsUncondControl",20917918,20917918,13529323,13529323,38938347,38938347
"system.cpu.commitStats0.committedInstType::FloatAdd",8,8,8,8,7,7
"system.cpu.commitStats0.committedInstType::FloatMemRead",57,57,57,57,57,57
"system.cpu.commitStats0.committedInstType::FloatMemWrite",184,184,184,184,168,168
"system.cpu.commitStats0.committedInstType::IntAlu",731134569,731134569,1281385281,1281385281,773077468,773077468
"system.cpu.commitStats0.committedInstType::IntDiv",35,35,42,42,49,49
"system.cpu.commitStats0.committedInstType::IntMult",142,142,20,20,286,286
"system.cpu.commitStats0.committedInstType::MemRead",322984197,322984197,613626955,613626955,415222155,415222155
"system.cpu.commitStats0.committedInstType::MemWrite",92859419,92859419,63194368,63194368,162003058,162003058
"system.cpu.commitStats0.committedInstType::No_OpClass",3672567,3672567,263,263,3146039,3146039
"system.cpu.commitStats0.committedInstType::SimdAlu",118,118,118,118,118,118
"system.cpu.commitStats0.committedInstType::SimdCmp",2,2,2,2,2,2
"system.cpu.commitStats0.committedInstType::SimdCvt",58,58,58,58,58,58
"system.cpu.commitStats0.committedInstType::SimdFloatCvt",3,3,3,3,3,3
"system.cpu.commitStats0.committedInstType::SimdMisc",94,94,94,94,93,93
"system.cpu.commitStats0.committedInstType::total",1150651453,1150651453,1958207453,1958207453,1353449561,1353449561
"system.cpu.commitStats0.cpi",1.039502,1.032789,0.697906,0.697868,1.115163,1.103962
"system.cpu.commitStats0.ipc",0.961999,0.968252,1.432858,1.432936,0.89673,0.905828
"system.cpu.commitStats0.numFpInsts",543,543,543,543,525,525
"system.cpu.commitStats0.numInsts",741164707,741164707,1231719771,1231719771,857772823,857772823
"system.cpu.commitStats0.numInstsNotNOP",741164707,741164707,1231719771,1231719771,857772823,857772823
"system.cpu.commitStats0.numIntInsts",1143308391,1143308391,1948959134,1948959134,1330834124,1330834124
"system.cpu.commitStats0.numLoadInsts",322984254,322984254,613627012,613627012,415222212,415222212
"system.cpu.commitStats0.numMemRefs",415843857,415843857,676821564,676821564,577225438,577225438
"system.cpu.commitStats0.numOps",1150651453,1150651453,1958207453,1958207453,1353449561,1353449561
"system.cpu.commitStats0.numOpsNotNOP",1150651453,1150651453,1958207453,1958207453,1353449561,1353449561
"system.cpu.commitStats0.numStoreInsts",92859603,92859603,63194552,63194552,162003226,162003226
"system.cpu.cpi",1.039502,1.032789,0.697906,0.697868,1.115163,1.103962
"system.cpu.dcache.LockedRMWReadReq.accesses::cpu.data",1048635,1048635,16,16,2097176,2097176
"system.cpu.dcache.LockedRMWReadReq.accesses::total",1048635,1048635,16,16,2097176,2097176
"system.cpu.dcache.LockedRMWReadReq.avgMissLatency::cpu.data",124750,131750,199000,203000,141250,172750
"system.cpu.dcache.LockedRMWReadReq.avgMissLatency::total",124750,131750,199000,203000,141250,172750
"system.cpu.dcache.LockedRMWReadReq.avgMshrMissLatency::cpu.data",2490760000,2490774000,544000,552000,4981073500,4981136500
"system.cpu.dcache.LockedRMWReadReq.avgMshrMissLatency::total",2490760000,2490774000,544000,552000,4981073500,4981136500
"system.cpu.dcache.LockedRMWReadReq.hits::cpu.data",1048631,1048631,15,15,2097172,2097172
"system.cpu.dcache.LockedRMWReadReq.hits::total",1048631,1048631,15,15,2097172,2097172
"system.cpu.dcache.LockedRMWReadReq.missLatency::cpu.data",499000,527000,199000,203000,565000,691000
"system.cpu.dcache.LockedRMWReadReq.missLatency::total",499000,527000,199000,203000,565000,691000
"system.cpu.dcache.LockedRMWReadReq.missRate::cpu.data",4e-06,4e-06,0.0625,0.0625,2e-06,2e-06
"system.cpu.dcache.LockedRMWReadReq.missRate::total",4e-06,4e-06,0.0625,0.0625,2e-06,2e-06
"system.cpu.dcache.LockedRMWReadReq.misses::cpu.data",4,4,1,1,4,4
"system.cpu.dcache.LockedRMWReadReq.misses::total",4,4,1,1,4,4
"system.cpu.dcache.LockedRMWReadReq.mshrMissLatency::cpu.data",9963040000,9963096000,544000,552000,19924294000,19924546000
"system.cpu.dcache.LockedRMWReadReq.mshrMissLatency::total",9963040000,9963096000,544000,552000,19924294000,19924546000
"system.cpu.dcache.LockedRMWReadReq.mshrMissRate::cpu.data",4e-06,4e-06,0.0625,0.0625,2e-06,2e-06
"system.cpu.dcache.LockedRMWReadReq.mshrMissRate::total",4e-06,4e-06,0.0625,0.0625,2e-06,2e-06
"system.cpu.dcache.LockedRMWReadReq.mshrMisses::cpu.data",4,4,1,1,4,4
"system.cpu.dcache.LockedRMWReadReq.mshrMisses::total",4,4,1,1,4,4
"system.cpu.dcache.LockedRMWWriteReq.accesses::cpu.data",1048635,1048635,16,16,2097176,2097176
"system.cpu.dcache.LockedRMWWriteReq.accesses::total",1048635,1048635,16,16,2097176,2097176
"system.cpu.dcache.LockedRMWWriteReq.hits::cpu.data",1048635,1048635,16,16,2097176,2097176
"system.cpu.dcache.LockedRMWWriteReq.hits::total",1048635,1048635,16,16,2097176,2097176
"system.cpu.dcache.ReadReq.accesses::cpu.data",262341199,263008933,441220899,441198802,220248240,219858384
"system.cpu.dcache.ReadReq.accesses::total",262341199,263008933,441220899,441198802,220248240,219858384
"system.cpu.dcache.ReadReq.avgMissLatency::cpu.data",57736.389593,40558.390065,179000,184397.683398,46054.864521,38161.210912
"system.cpu.dcache.ReadReq.avgMissLatency::total",57736.389593,40558.390065,179000,184397.683398,46054.864521,38161.210912
"system.cpu.dcache.ReadReq.avgMshrMissLatency::cpu.data",55730.704593,41814.800078,190176.470588,195470.588235,53707.080909,40036.570676
"system.cpu.dcache.ReadReq.avgMshrMissLatency::total",55730.704593,41814.800078,190176.470588,195470.588235,53707.080909,40036.570676
"system.cpu.dcache.ReadReq.hits::cpu.data",261590303,262278295,441220638,441198543,217650204,217574618
"system.cpu.dcache.ReadReq.hits::total",261590303,262278295,441220638,441198543,217650204,217574618
"system.cpu.dcache.ReadReq.missLatency::cpu.data",43354024000,29633501000,46719000,47759000,119652196000,87151276000
"system.cpu.dcache.ReadReq.missLatency::total",43354024000,29633501000,46719000,47759000,119652196000,87151276000
"system.cpu.dcache.ReadReq.missRate::cpu.data",0.002862,0.002778,1e-06,1e-06,0.011796,0.010387
"system.cpu.dcache.ReadReq.missRate::total",0.002862,0.002778,1e-06,1e-06,0.011796,0.010387
"system.cpu.dcache.ReadReq.misses::cpu.data",750896,730638,261,259,2598036,2283766
"system.cpu.dcache.ReadReq.misses::total",750896,730638,261,259,2598036,2283766
"system.cpu.dcache.ReadReq.mshrHits::cpu.data",245711,225465,125,123,1631677,1317418
"system.cpu.dcache.ReadReq.mshrHits::total",245711,225465,125,123,1631677,1317418
"system.cpu.dcache.ReadReq.mshrMissLatency::cpu.data",28154316000,21123708000,25864000,26584000,51900321000,38689260000
"system.cpu.dcache.ReadReq.mshrMissLatency::total",28154316000,21123708000,25864000,26584000,51900321000,38689260000
"system.cpu.dcache.ReadReq.mshrMissRate::cpu.data",0.001926,0.001921,0,0,0.004388,0.004395
"system.cpu.dcache.ReadReq.mshrMissRate::total",0.001926,0.001921,0,0,0.004388,0.004395
"system.cpu.dcache.ReadReq.mshrMisses::cpu.data",505185,505173,136,136,966359,966348
"system.cpu.dcache.ReadReq.mshrMisses::total",505185,505173,136,136,966359,966348
"system.cpu.dcache.WriteReq.accesses::cpu.data",91810968,91810968,63194536,63194536,159906050,159906050
"system.cpu.dcache.WriteReq.accesses::total",91810968,91810968,63194536,63194536,159906050,159906050
"system.cpu.dcache.WriteReq.avgMissLatency::cpu.data",80058.023642,69958.950042,190814.569536,197602.649007,40780.861331,55421.393113
"system.cpu.dcache.WriteReq.avgMissLatency::total",80058.023642,69958.950042,190814.569536,197602.649007,40780.861331,55421.393113
"system.cpu.dcache.WriteReq.avgMshrMissLatency::cpu.data",76059.533923,65959.390673,186814.569536,193602.649007,36780.886661,51421.539144
"system.cpu.dcache.WriteReq.avgMshrMissLatency::total",76059.533923,65959.390673,186814.569536,193602.649007,36780.886661,51421.539144
"system.cpu.dcache.WriteReq.hits::cpu.data",91257539,91257861,63194385,63194385,159312759,159545261
"system.cpu.dcache.WriteReq.hits::total",91257539,91257861,63194385,63194385,159312759,159545261
"system.cpu.dcache.WriteReq.missLatency::cpu.data",44306431966,38694784981,28813000,29838000,24194918000,19995429000
"system.cpu.dcache.WriteReq.missLatency::total",44306431966,38694784981,28813000,29838000,24194918000,19995429000
"system.cpu.dcache.WriteReq.missRate::cpu.data",0.006028,0.006024,2e-06,2e-06,0.00371,0.002256
"system.cpu.dcache.WriteReq.missRate::total",0.006028,0.006024,2e-06,2e-06,0.00371,0.002256
"system.cpu.dcache.WriteReq.misses::cpu.data",553429,553107,151,151,593291,360789
"system.cpu.dcache.WriteReq.misses::total",553429,553107,151,151,593291,360789
"system.cpu.dcache.WriteReq.mshrHits::cpu.data",14,7,NA,NA,9,4
"system.cpu.dcache.WriteReq.mshrHits::total",14,7,NA,NA,9,4
"system.cpu.dcache.WriteReq.mshrMissLatency::cpu.data",42092486966,36482138981,28209000,29234000,21821438000,18552120000
"system.cpu.dcache.WriteReq.mshrMissLatency::total",42092486966,36482138981,28209000,29234000,21821438000,18552120000
"system.cpu.dcache.WriteReq.mshrMissRate::cpu.data",0.006028,0.006024,2e-06,2e-06,0.00371,0.002256
"system.cpu.dcache.WriteReq.mshrMissRate::total",0.006028,0.006024,2e-06,2e-06,0.00371,0.002256
"system.cpu.dcache.WriteReq.mshrMisses::cpu.data",553415,553100,151,151,593282,360785
"system.cpu.dcache.WriteReq.mshrMisses::total",553415,553100,151,151,593282,360785
"system.cpu.dcache.avgBlocked::no_mshrs",8.20614,6.4318,55,56.142857,36.6,37
"system.cpu.dcache.blockedCauses::no_mshrs",1368,1283,7,7,15,15
"system.cpu.dcache.blockedCycles::no_mshrs",11226,8252,385,393,549,555
"system.cpu.dcache.demandAccesses::cpu.data",354152167,354819901,504415435,504393338,380154290,379764434
"system.cpu.dcache.demandAccesses::total",354152167,354819901,504415435,504393338,380154290,379764434
"system.cpu.dcache.demandAvgMissLatency::cpu.data",67207.525706,53225.746531,183330.097087,189260.97561,45074.388804,40515.967715
"system.cpu.dcache.demandAvgMissLatency::total",67207.525706,53225.746531,183330.097087,189260.97561,45074.388804,40515.967715
"system.cpu.dcache.demandAvgMshrMissLatency::cpu.data",66358.211757,54433.824713,188407.665505,194487.804878,47268.415616,43131.607759
"system.cpu.dcache.demandAvgMshrMissLatency::total",66358.211757,54433.824713,188407.665505,194487.804878,47268.415616,43131.607759
"system.cpu.dcache.demandHits::cpu.data",352847842,353536156,504415023,504392928,376962963,377119879
"system.cpu.dcache.demandHits::total",352847842,353536156,504415023,504392928,376962963,377119879
"system.cpu.dcache.demandMissLatency::cpu.data",87660455966,68328285981,75532000,77597000,143847114000,107146705000
"system.cpu.dcache.demandMissLatency::total",87660455966,68328285981,75532000,77597000,143847114000,107146705000
"system.cpu.dcache.demandMissRate::cpu.data",0.003683,0.003618,1e-06,1e-06,0.008395,0.006964
"system.cpu.dcache.demandMissRate::total",0.003683,0.003618,1e-06,1e-06,0.008395,0.006964
"system.cpu.dcache.demandMisses::cpu.data",1304325,1283745,412,410,3191327,2644555
"system.cpu.dcache.demandMisses::total",1304325,1283745,412,410,3191327,2644555
"system.cpu.dcache.demandMshrHits::cpu.data",245725,225472,125,123,1631686,1317422
"system.cpu.dcache.demandMshrHits::total",245725,225472,125,123,1631686,1317422
"system.cpu.dcache.demandMshrMissLatency::cpu.data",70246802966,57605846981,54073000,55818000,73721759000,57241380000
"system.cpu.dcache.demandMshrMissLatency::total",70246802966,57605846981,54073000,55818000,73721759000,57241380000
"system.cpu.dcache.demandMshrMissRate::cpu.data",0.002989,0.002983,1e-06,1e-06,0.004103,0.003495
"system.cpu.dcache.demandMshrMissRate::total",0.002989,0.002983,1e-06,1e-06,0.004103,0.003495
"system.cpu.dcache.demandMshrMisses::cpu.data",1058600,1058273,287,287,1559641,1327133
"system.cpu.dcache.demandMshrMisses::total",1058600,1058273,287,287,1559641,1327133
"system.cpu.dcache.overallAccesses::cpu.data",354152167,354819901,504415435,504393338,380154290,379764434
"system.cpu.dcache.overallAccesses::total",354152167,354819901,504415435,504393338,380154290,379764434
"system.cpu.dcache.overallAvgMissLatency::cpu.data",67207.525706,53225.746531,183330.097087,189260.97561,45074.388804,40515.967715
"system.cpu.dcache.overallAvgMissLatency::total",67207.525706,53225.746531,183330.097087,189260.97561,45074.388804,40515.967715
"system.cpu.dcache.overallAvgMshrMissLatency::cpu.data",66358.211757,54433.824713,188407.665505,194487.804878,47268.415616,43131.607759
"system.cpu.dcache.overallAvgMshrMissLatency::total",66358.211757,54433.824713,188407.665505,194487.804878,47268.415616,43131.607759
"system.cpu.dcache.overallHits::cpu.data",352847842,353536156,504415023,504392928,376962963,377119879
"system.cpu.dcache.overallHits::total",352847842,353536156,504415023,504392928,376962963,377119879
"system.cpu.dcache.overallMissLatency::cpu.data",87660455966,68328285981,75532000,77597000,143847114000,107146705000
"system.cpu.dcache.overallMissLatency::total",87660455966,68328285981,75532000,77597000,143847114000,107146705000
"system.cpu.dcache.overallMissRate::cpu.data",0.003683,0.003618,1e-06,1e-06,0.008395,0.006964
"system.cpu.dcache.overallMissRate::total",0.003683,0.003618,1e-06,1e-06,0.008395,0.006964
"system.cpu.dcache.overallMisses::cpu.data",1304325,1283745,412,410,3191327,2644555
"system.cpu.dcache.overallMisses::total",1304325,1283745,412,410,3191327,2644555
"system.cpu.dcache.overallMshrHits::cpu.data",245725,225472,125,123,1631686,1317422
"system.cpu.dcache.overallMshrHits::total",245725,225472,125,123,1631686,1317422
"system.cpu.dcache.overallMshrMissLatency::cpu.data",70246802966,57605846981,54073000,55818000,73721759000,57241380000
"system.cpu.dcache.overallMshrMissLatency::total",70246802966,57605846981,54073000,55818000,73721759000,57241380000
"system.cpu.dcache.overallMshrMissRate::cpu.data",0.002989,0.002983,1e-06,1e-06,0.004103,0.003495
"system.cpu.dcache.overallMshrMissRate::total",0.002989,0.002983,1e-06,1e-06,0.004103,0.003495
"system.cpu.dcache.overallMshrMisses::cpu.data",1058600,1058273,287,287,1559641,1327133
"system.cpu.dcache.overallMshrMisses::total",1058600,1058273,287,287,1559641,1327133
"system.cpu.dcache.power_state.pwrStateResidencyTicks::UNDEFINED",770442154000,765466743000,859624326000,859577749000,956556856000,946948909000
"system.cpu.dcache.replacements",1024931,1024898,0,0,1034546,1034536
"system.cpu.dcache.tags.ageTaskId_1024::0",22,22,10,10,24,24
"system.cpu.dcache.tags.ageTaskId_1024::1",234,230,40,40,75,76
"system.cpu.dcache.tags.ageTaskId_1024::2",254,258,NA,NA,NA,NA
"system.cpu.dcache.tags.ageTaskId_1024::3",NA,NA,NA,NA,413,412
"system.cpu.dcache.tags.ageTaskId_1024::4",2,2,238,238,NA,NA
"system.cpu.dcache.tags.avgOccs::cpu.data",0.999647,0.999642,0.464823,0.464823,0.999713,0.999708
"system.cpu.dcache.tags.avgOccs::total",0.999647,0.999642,0.464823,0.464823,0.999713,0.999708
"system.cpu.dcache.tags.avgRefs",347.170682,347.852775,1751442.159722,1751365.440972,370.169214,369.968403
"system.cpu.dcache.tags.dataAccesses",2851020939,2856362778,4035324024,4035147248,3075824194,3072705336
"system.cpu.dcache.tags.occupancies::cpu.data",511.819417,511.8168,237.989477,237.989241,511.853056,511.850681
"system.cpu.dcache.tags.occupanciesTaskId::1024",512,512,288,288,512,512
"system.cpu.dcache.tags.power_state.pwrStateResidencyTicks::UNDEFINED",770442154000,765466743000,859624326000,859577749000,956556856000,946948909000
"system.cpu.dcache.tags.ratioOccsTaskId::1024",1,1,0.5625,0.5625,1,1
"system.cpu.dcache.tags.sampledRefs",1025443,1025410,288,288,1035058,1035048
"system.cpu.dcache.tags.tagAccesses",2851020939,2856362778,4035324024,4035147248,3075824194,3072705336
"system.cpu.dcache.tags.tagsInUse",511.819417,511.8168,237.989477,237.989241,511.853056,511.850681
"system.cpu.dcache.tags.totalRefs",356003746,356691714,504415342,504393247,383146606,382935056
"system.cpu.dcache.tags.warmupTick",4e+05,408000,4e+05,408000,4e+05,408000
"system.cpu.dcache.writebacks::total",760927,891414,NA,NA,1020336,1033603
"system.cpu.dcache.writebacks::writebacks",760927,891414,NA,NA,1020336,1033603
"system.cpu.decode.blockedCycles",284722611,279276676,38471422,38461865,267526810,259081558
"system.cpu.decode.branchMispred",404,404,342,342,395,394
"system.cpu.decode.branchResolved",65151362,65174855,91616108,91613713,79072954,78845807
"system.cpu.decode.decodedInsts",1661899451,1662593732,2356651218,2356563652,1771153477,1765762809
"system.cpu.decode.idleCycles",233924518,234233815,445373958,445354897,403859257,403567578
"system.cpu.decode.runCycles",207289768,207268005,367120105,367100158,239772262,238473078
"system.cpu.decode.squashCycles",5514744,5518597,7275006,7273388,9503300,9498247
"system.cpu.decode.squashedInsts",1967,1957,1728,1728,1971,1966
"system.cpu.decode.unblockCycles",38910528,39087289,1308066,1309776,35813343,36243050
"system.cpu.executeStats0.instRate",1.79436,1.806283,2.544947,2.545036,1.65397,1.666507
"system.cpu.executeStats0.numBranches",96508340,96501757,179406442,179406084,113124896,112863492
"system.cpu.executeStats0.numCCRegReads",377486573,377410867,1221285338,1221284195,347485441,346573047
"system.cpu.executeStats0.numCCRegWrites",440343193,440310363,881940131,881932455,391479162,390441691
"system.cpu.executeStats0.numFpRegReads",842,842,868,868,804,804
"system.cpu.executeStats0.numFpRegWrites",340,340,339,336,314,314
"system.cpu.executeStats0.numInsts",1382450507,1382649660,2187698048,2187656127,1582116332,1578096624
"system.cpu.executeStats0.numIntRegReads",1631509518,1631529903,2720763360,2720724626,1976973368,1972131484
"system.cpu.executeStats0.numIntRegWrites",1099514897,1099739592,1745880201,1745843977,1184860655,1181770756
"system.cpu.executeStats0.numLoadInsts",397096232,397162401,701121293,701103997,469982870,468617403
"system.cpu.executeStats0.numMemRefs",500061083,500129478,774126088,774107401,653161721,651412750
"system.cpu.executeStats0.numMiscRegReads",722137168,722257742,1146875059,1146850880,876697380,874410878
"system.cpu.executeStats0.numStoreInsts",102964851,102967077,73004795,73003404,183178851,182795347
"system.cpu.fetch.cacheLines",124793006,124870682,151541033,151529196,169122294,168395208
"system.cpu.fetch.cycles",391210075,385997522,400723585,400704602,444245348,436969559
"system.cpu.fetch.icacheSquashes",2977287,2985569,4050211,4046596,5616817,5701124
"system.cpu.fetch.icacheWaitRetryStallCycles",13,13,NA,NA,NA,NA
"system.cpu.fetch.miscStallCycles",103,106,61,63,76,77
"system.cpu.fetch.nisnDist::0",489653467,484548004,483339748,483311481,652175332,643829214
"system.cpu.fetch.nisnDist::1",18489721,18489859,15029806,15024682,9937362,9974138
"system.cpu.fetch.nisnDist::2",29817373,29758802,2389775,2390655,38136951,38071109
"system.cpu.fetch.nisnDist::3",7499527,7490676,15759995,15758063,19046327,18780296
"system.cpu.fetch.nisnDist::4",9884460,9925797,85740622,85730616,1097838,1060257
"system.cpu.fetch.nisnDist::5",16977724,17014793,28528655,28530957,38289835,38064297
"system.cpu.fetch.nisnDist::6",18607978,18634499,1058794,1059400,36749455,36619386
"system.cpu.fetch.nisnDist::7",9202004,9206039,3693717,3694759,6364045,6362057
"system.cpu.fetch.nisnDist::8",170229915,170315913,224007445,223999471,154677827,154102757
"system.cpu.fetch.nisnDist::max_value",8,8,8,8,8,8
"system.cpu.fetch.nisnDist::mean",2.28847,2.304768,2.765363,2.765413,1.925464,1.937019
"system.cpu.fetch.nisnDist::samples",770362169,765384382,859548557,859500084,956474972,946863511
"system.cpu.fetch.nisnDist::stdev",3.373843,3.380297,3.450529,3.450554,3.117679,3.123831
"system.cpu.fetch.nisnDist::total",770362169,765384382,859548557,859500084,956474972,946863511
"system.cpu.fetch.pendingTrapStallCycles",535,562,317,321,393,402
"system.cpu.fetch.predictedBranches",77015212,77055595,93639609,93636656,109944603,109478534
"system.cpu.fetch.squashCycles",11030280,11037984,14550688,14547452,19007382,18997276
"system.cpu.fetchStats0.branchRate",0.174475,0.175707,0.23565,0.235652,0.147317,0.148209
"system.cpu.fetchStats0.fetchRate",1.494677,1.505394,1.737498,1.737538,1.211263,1.218665
"system.cpu.fetchStats0.icacheStallCycles",373636303,373867187,451549250,451521372,502725464,500394835
"system.cpu.fetchStats0.numBranches",134422927,134497493,202570775,202561447,140917355,140346356
"system.cpu.fetchStats0.numInsts",1151561786,1152329308,1493595727,1493548906,1158642089,1154013230
"system.cpu.fpAluAccesses",694,695,663,664,621,621
"system.cpu.fpInstQueueReads",1356,1357,1300,1301,1221,1221
"system.cpu.fpInstQueueWakeupAccesses",628,628,611,608,566,566
"system.cpu.fpInstQueueWrites",843,843,789,789,745,745
"system.cpu.fuBusy",15223431,15180747,9375815,9374170,10384502,10102921
"system.cpu.fuBusyRate",0.010969,0.010937,0.004261,0.00426,0.0065,0.00634
"system.cpu.icache.ReadReq.accesses::cpu.inst",124793006,124870682,151541033,151529196,169122294,168395208
"system.cpu.icache.ReadReq.accesses::total",124793006,124870682,151541033,151529196,169122294,168395208
"system.cpu.icache.ReadReq.avgMissLatency::cpu.inst",184531.99618,189821.944177,185217.948718,190776.709402,185213.461538,191730.326296
"system.cpu.icache.ReadReq.avgMissLatency::total",184531.99618,189821.944177,185217.948718,190776.709402,185213.461538,191730.326296
"system.cpu.icache.ReadReq.avgMshrMissLatency::cpu.inst",188504.796163,194276.236429,188131.752306,193476.943347,189180.387409,193790.556901
"system.cpu.icache.ReadReq.avgMshrMissLatency::total",188504.796163,194276.236429,188131.752306,193476.943347,189180.387409,193790.556901
"system.cpu.icache.ReadReq.hits::cpu.inst",124791959,124869643,151540097,151528260,169121254,168394166
"system.cpu.icache.ReadReq.hits::total",124791959,124869643,151540097,151528260,169121254,168394166
"system.cpu.icache.ReadReq.missLatency::cpu.inst",193205000,197225000,173364000,178567000,192622000,199783000
"system.cpu.icache.ReadReq.missLatency::total",193205000,197225000,173364000,178567000,192622000,199783000
"system.cpu.icache.ReadReq.missRate::cpu.inst",8e-06,8e-06,6e-06,6e-06,6e-06,6e-06
"system.cpu.icache.ReadReq.missRate::total",8e-06,8e-06,6e-06,6e-06,6e-06,6e-06
"system.cpu.icache.ReadReq.misses::cpu.inst",1047,1039,936,936,1040,1042
"system.cpu.icache.ReadReq.misses::total",1047,1039,936,936,1040,1042
"system.cpu.icache.ReadReq.mshrHits::cpu.inst",213,210,177,177,214,216
"system.cpu.icache.ReadReq.mshrHits::total",213,210,177,177,214,216
"system.cpu.icache.ReadReq.mshrMissLatency::cpu.inst",157213000,161055000,142792000,146849000,156263000,160071000
"system.cpu.icache.ReadReq.mshrMissLatency::total",157213000,161055000,142792000,146849000,156263000,160071000
"system.cpu.icache.ReadReq.mshrMissRate::cpu.inst",7e-06,7e-06,5e-06,5e-06,5e-06,5e-06
"system.cpu.icache.ReadReq.mshrMissRate::total",7e-06,7e-06,5e-06,5e-06,5e-06,5e-06
"system.cpu.icache.ReadReq.mshrMisses::cpu.inst",834,829,759,759,826,826
"system.cpu.icache.ReadReq.mshrMisses::total",834,829,759,759,826,826
"system.cpu.icache.avgBlocked::no_mshrs",150,154,143.333333,163.75,113.5,115
"system.cpu.icache.blockedCauses::no_mshrs",1,1,3,4,2,2
"system.cpu.icache.blockedCycles::no_mshrs",150,154,430,655,227,230
"system.cpu.icache.demandAccesses::cpu.inst",124793006,124870682,151541033,151529196,169122294,168395208
"system.cpu.icache.demandAccesses::total",124793006,124870682,151541033,151529196,169122294,168395208
"system.cpu.icache.demandAvgMissLatency::cpu.inst",184531.99618,189821.944177,185217.948718,190776.709402,185213.461538,191730.326296
"system.cpu.icache.demandAvgMissLatency::total",184531.99618,189821.944177,185217.948718,190776.709402,185213.461538,191730.326296
"system.cpu.icache.demandAvgMshrMissLatency::cpu.inst",188504.796163,194276.236429,188131.752306,193476.943347,189180.387409,193790.556901
"system.cpu.icache.demandAvgMshrMissLatency::total",188504.796163,194276.236429,188131.752306,193476.943347,189180.387409,193790.556901
"system.cpu.icache.demandHits::cpu.inst",124791959,124869643,151540097,151528260,169121254,168394166
"system.cpu.icache.demandHits::total",124791959,124869643,151540097,151528260,169121254,168394166
"system.cpu.icache.demandMissLatency::cpu.inst",193205000,197225000,173364000,178567000,192622000,199783000
"system.cpu.icache.demandMissLatency::total",193205000,197225000,173364000,178567000,192622000,199783000
"system.cpu.icache.demandMissRate::cpu.inst",8e-06,8e-06,6e-06,6e-06,6e-06,6e-06
"system.cpu.icache.demandMissRate::total",8e-06,8e-06,6e-06,6e-06,6e-06,6e-06
"system.cpu.icache.demandMisses::cpu.inst",1047,1039,936,936,1040,1042
"system.cpu.icache.demandMisses::total",1047,1039,936,936,1040,1042
"system.cpu.icache.demandMshrHits::cpu.inst",213,210,177,177,214,216
"system.cpu.icache.demandMshrHits::total",213,210,177,177,214,216
"system.cpu.icache.demandMshrMissLatency::cpu.inst",157213000,161055000,142792000,146849000,156263000,160071000
"system.cpu.icache.demandMshrMissLatency::total",157213000,161055000,142792000,146849000,156263000,160071000
"system.cpu.icache.demandMshrMissRate::cpu.inst",7e-06,7e-06,5e-06,5e-06,5e-06,5e-06
"system.cpu.icache.demandMshrMissRate::total",7e-06,7e-06,5e-06,5e-06,5e-06,5e-06
"system.cpu.icache.demandMshrMisses::cpu.inst",834,829,759,759,826,826
"system.cpu.icache.demandMshrMisses::total",834,829,759,759,826,826
"system.cpu.icache.overallAccesses::cpu.inst",124793006,124870682,151541033,151529196,169122294,168395208
"system.cpu.icache.overallAccesses::total",124793006,124870682,151541033,151529196,169122294,168395208
"system.cpu.icache.overallAvgMissLatency::cpu.inst",184531.99618,189821.944177,185217.948718,190776.709402,185213.461538,191730.326296
"system.cpu.icache.overallAvgMissLatency::total",184531.99618,189821.944177,185217.948718,190776.709402,185213.461538,191730.326296
"system.cpu.icache.overallAvgMshrMissLatency::cpu.inst",188504.796163,194276.236429,188131.752306,193476.943347,189180.387409,193790.556901
"system.cpu.icache.overallAvgMshrMissLatency::total",188504.796163,194276.236429,188131.752306,193476.943347,189180.387409,193790.556901
"system.cpu.icache.overallHits::cpu.inst",124791959,124869643,151540097,151528260,169121254,168394166
"system.cpu.icache.overallHits::total",124791959,124869643,151540097,151528260,169121254,168394166
"system.cpu.icache.overallMissLatency::cpu.inst",193205000,197225000,173364000,178567000,192622000,199783000
"system.cpu.icache.overallMissLatency::total",193205000,197225000,173364000,178567000,192622000,199783000
"system.cpu.icache.overallMissRate::cpu.inst",8e-06,8e-06,6e-06,6e-06,6e-06,6e-06
"system.cpu.icache.overallMissRate::total",8e-06,8e-06,6e-06,6e-06,6e-06,6e-06
"system.cpu.icache.overallMisses::cpu.inst",1047,1039,936,936,1040,1042
"system.cpu.icache.overallMisses::total",1047,1039,936,936,1040,1042
"system.cpu.icache.overallMshrHits::cpu.inst",213,210,177,177,214,216
"system.cpu.icache.overallMshrHits::total",213,210,177,177,214,216
"system.cpu.icache.overallMshrMissLatency::cpu.inst",157213000,161055000,142792000,146849000,156263000,160071000
"system.cpu.icache.overallMshrMissLatency::total",157213000,161055000,142792000,146849000,156263000,160071000
"system.cpu.icache.overallMshrMissRate::cpu.inst",7e-06,7e-06,5e-06,5e-06,5e-06,5e-06
"system.cpu.icache.overallMshrMissRate::total",7e-06,7e-06,5e-06,5e-06,5e-06,5e-06
"system.cpu.icache.overallMshrMisses::cpu.inst",834,829,759,759,826,826
"system.cpu.icache.overallMshrMisses::total",834,829,759,759,826,826
"system.cpu.icache.power_state.pwrStateResidencyTicks::UNDEFINED",770442154000,765466743000,859624326000,859577749000,956556856000,946948909000
"system.cpu.icache.replacements",324,319,247,247,318,318
"system.cpu.icache.tags.ageTaskId_1024::0",63,65,69,69,60,60
"system.cpu.icache.tags.ageTaskId_1024::1",217,215,203,203,257,257
"system.cpu.icache.tags.ageTaskId_1024::4",230,230,240,240,191,191
"system.cpu.icache.tags.avgOccs::cpu.inst",0.91091,0.909736,0.861288,0.861287,0.887349,0.887332
"system.cpu.icache.tags.avgOccs::total",0.91091,0.909736,0.861288,0.861287,0.887349,0.887332
"system.cpu.icache.tags.avgRefs",149631.646283,150627.831122,199658.571805,199642.976285,204748.280872,203868.029056
"system.cpu.icache.tags.dataAccesses",998344882,998966285,1212329023,1212234327,1352979178,1347162490
"system.cpu.icache.tags.occupancies::cpu.inst",466.385824,465.784914,440.979613,440.979193,454.322677,454.314033
"system.cpu.icache.tags.occupanciesTaskId::1024",510,510,512,512,508,508
"system.cpu.icache.tags.power_state.pwrStateResidencyTicks::UNDEFINED",770442154000,765466743000,859624326000,859577749000,956556856000,946948909000
"system.cpu.icache.tags.ratioOccsTaskId::1024",0.996094,0.996094,1,1,0.992188,0.992188
"system.cpu.icache.tags.sampledRefs",834,829,759,759,826,826
"system.cpu.icache.tags.tagAccesses",998344882,998966285,1212329023,1212234327,1352979178,1347162490
"system.cpu.icache.tags.tagsInUse",466.385824,465.784914,440.979613,440.979193,454.322677,454.314033
"system.cpu.icache.tags.totalRefs",124792793,124870472,151540856,151529019,169122080,168394992
"system.cpu.icache.tags.warmupTick",195000,199000,195000,199000,195000,199000
"system.cpu.idleCycles",79986,82362,75770,77666,81885,85399
"system.cpu.iew.blockCycles",68253556,68347192,38560199,38550916,75075849,74833880
"system.cpu.iew.branchMispredicts",4975332,4975101,7375581,7373795,8516676,8502298
"system.cpu.iew.consumerInst",1370893016,1370937660,2550421946,2550372121,1472776143,1465904580
"system.cpu.iew.dispLoadInsts",461758095,461948675,719869870,719845737,514086115,512510678
"system.cpu.iew.dispNonSpecInsts",1607621,1607594,29,30,3665139,3665156
"system.cpu.iew.dispSquashedInsts",18286,19448,8983,9398,5631,6341
"system.cpu.iew.dispStoreInsts",126023939,126070046,75427515,75431177,208077181,207516725
"system.cpu.iew.dispatchedInsts",1590389076,1591003134,2292729245,2292653890,1719447956,1714803759
"system.cpu.iew.instsToCommit",1374589098,1374781700,2174189320,2174150411,1575829214,1571848936
"system.cpu.iew.iqFullEvents",89436,91294,27,23,2017177,2020729
"system.cpu.iew.lsqFullEvents",18955600,15756881,2710,2770,10728579,7399275
"system.cpu.iew.memOrderViolationEvents",554243,554662,5500,5514,1078787,1078412
"system.cpu.iew.predictedNotTakenIncorrect",2517293,2518815,3745817,3744711,4073948,4063708
"system.cpu.iew.predictedTakenIncorrect",2458039,2456286,3629764,3629084,4442728,4438590
"system.cpu.iew.producerInst",1097782278,1097788845,1880013722,1879974541,1138299028,1133849183
"system.cpu.iew.squashCycles",5514744,5518597,7275006,7273388,9503300,9498247
"system.cpu.iew.unblockCycles",20012886,16824818,2742,2801,14786133,11483400
"system.cpu.iew.wbFanout",0.800779,0.800758,0.737138,0.737137,0.772893,0.773481
"system.cpu.iew.wbRate",1.782179,1.79399,2.525217,2.525309,1.644677,1.657111
"system.cpu.iew.writebackCount",1373066081,1373239840,2170738311,2170699619,1573227179,1569199535
"system.cpu.instsAdded",1585534891,1586149062,2292729162,2292653805,1708374335,1703730091
"system.cpu.instsIssued",1387867585,1388066336,2200613802,2200568531,1597496061,1593463527
"system.cpu.intAluAccesses",1397732361,1397887860,2209988509,2209941593,1601516608,1597202471
"system.cpu.intInstQueueReads",3561332799,3556709778,5270399335,5270257802,4161876585,4143915922
"system.cpu.intInstQueueWakeupAccesses",1373065453,1373239212,2170737700,2170699011,1573226613,1569198969
"system.cpu.intInstQueueWrites",2030679629,2031908149,2627255683,2627104997,2086522928,2077234337
"system.cpu.interrupts.clk_domain.clock",16000,16000,16000,16000,16000,16000
"system.cpu.ipc",0.961999,0.968252,1.432858,1.432936,0.89673,0.905828
"system.cpu.issueRate",1.801391,1.813359,2.559972,2.560058,1.670048,1.682734
"system.cpu.lsq0.blockedByCache",1163,1120,7,7,12,11
"system.cpu.lsq0.forwLoads",133703167,133101900,259900288,259905089,247637321,246661708
"system.cpu.lsq0.ignoredResponses",25007,25227,1079954,1081500,2296364,2314373
"system.cpu.lsq0.loadToUse::0-9",322263783,322359586,613626821,613626820,413264851,413512510
"system.cpu.lsq0.loadToUse::10-19",77745,80062,10,10,362553,368915
"system.cpu.lsq0.loadToUse::100-109",3,1,NA,NA,1,NA
"system.cpu.lsq0.loadToUse::110-119",5,2,NA,NA,NA,1
"system.cpu.lsq0.loadToUse::120-129",4,2,NA,NA,NA,NA
"system.cpu.lsq0.loadToUse::130-139",5,4,NA,NA,2,NA
"system.cpu.lsq0.loadToUse::140-149",5,4,2,1,2,4
"system.cpu.lsq0.loadToUse::150-159",2,3,NA,1,NA,NA
"system.cpu.lsq0.loadToUse::160-169",13,5,1,NA,11,5
"system.cpu.lsq0.loadToUse::170-179",17,11,6,3,17,17
"system.cpu.lsq0.loadToUse::180-189",86,14,82,14,85,22
"system.cpu.lsq0.loadToUse::190-199",19,89,20,87,18,89
"system.cpu.lsq0.loadToUse::20-29",205172,335502,NA,NA,546770,778332
"system.cpu.lsq0.loadToUse::200-209",38,41,40,39,36,42
"system.cpu.lsq0.loadToUse::210-219",22,15,16,20,23,16
"system.cpu.lsq0.loadToUse::220-229",NA,10,5,9,NA,9
"system.cpu.lsq0.loadToUse::250-259",1,NA,NA,NA,NA,NA
"system.cpu.lsq0.loadToUse::270-279",NA,NA,NA,NA,1,NA
"system.cpu.lsq0.loadToUse::280-289",2,NA,NA,NA,NA,NA
"system.cpu.lsq0.loadToUse::30-39",514,399,2,2,53535,14811
"system.cpu.lsq0.loadToUse::40-49",92,21,1,1,56665,5834
"system.cpu.lsq0.loadToUse::50-59",18623,8217,NA,NA,11168,25832
"system.cpu.lsq0.loadToUse::60-69",36605,9577,NA,NA,108715,42247
"system.cpu.lsq0.loadToUse::70-79",50122,8824,NA,NA,270801,111058
"system.cpu.lsq0.loadToUse::80-89",331361,16385,NA,NA,546942,71800
"system.cpu.lsq0.loadToUse::90-99",13,165468,NA,NA,1,290662
"system.cpu.lsq0.loadToUse::max_value",337,420,408,410,431,375
"system.cpu.lsq0.loadToUse::mean",4.243299,4.209942,4.101636,4.101556,3.731626,3.67084
"system.cpu.lsq0.loadToUse::min_value",2,2,2,2,2,2
"system.cpu.lsq0.loadToUse::overflows",2,12,6,5,15,6
"system.cpu.lsq0.loadToUse::samples",322984254,322984254,613627012,613627012,415222212,415222212
"system.cpu.lsq0.loadToUse::stdev",3.313217,2.746024,1.632605,1.632725,4.132786,3.470531
"system.cpu.lsq0.loadToUse::total",322984254,322984254,613627012,613627012,415222212,415222212
"system.cpu.lsq0.memOrderViolation",554243,554662,5500,5514,1078787,1078412
"system.cpu.lsq0.rescheduledLoads",1,1,1,1,2,5
"system.cpu.lsq0.squashedLoads",138773841,138964421,106242858,106218725,98863903,97288466
"system.cpu.lsq0.squashedStores",33164336,33210443,12232963,12236625,46073955,45513499
"system.cpu.mmu.dtb.rdAccesses",397093556,397160127,701121278,701103982,469982845,468617382
"system.cpu.mmu.dtb.rdMisses",5590,5598,89,89,8720,8722
"system.cpu.mmu.dtb.walker.power_state.pwrStateResidencyTicks::UNDEFINED",770442154000,765466743000,859624326000,859577749000,956556856000,946948909000
"system.cpu.mmu.dtb.wrAccesses",102964852,102967078,73004795,73003404,183178852,182795348
"system.cpu.mmu.dtb.wrMisses",9851,9849,17,17,2082,2079
"system.cpu.mmu.itb.walker.power_state.pwrStateResidencyTicks::UNDEFINED",770442154000,765466743000,859624326000,859577749000,956556856000,946948909000
"system.cpu.mmu.itb.wrAccesses",124793108,124870787,151541094,151529259,169122370,168395285
"system.cpu.mmu.itb.wrMisses",273,275,119,121,150,151
"system.cpu.nonSpecInstsAdded",4854185,4854072,83,85,11073621,11073668
"system.cpu.numCycles",770442155,765466744,859624327,859577750,956556857,946948910
"system.cpu.numIssuedDist::0",248901344,243223241,153843570,153803959,309583618,300769259
"system.cpu.numIssuedDist::1",150637659,151252862,171957340,171994813,217023789,217194534
"system.cpu.numIssuedDist::2",121739934,121791158,145523089,145494773,178868818,179417068
"system.cpu.numIssuedDist::3",106489466,106466988,110151405,110156654,83960925,83103116
"system.cpu.numIssuedDist::4",79423540,79956120,110675326,110639690,92712813,92227019
"system.cpu.numIssuedDist::5",33206816,32822013,71862665,71854971,55271904,55116902
"system.cpu.numIssuedDist::6",21283736,21267320,66720910,66727724,12056797,11911649
"system.cpu.numIssuedDist::7",6586388,6545711,25698036,25705749,4670157,4828683
"system.cpu.numIssuedDist::8",2093286,2058969,3116216,3121751,2326151,2295281
"system.cpu.numIssuedDist::max_value",8,8,8,8,8,8
"system.cpu.numIssuedDist::mean",1.801578,1.813555,2.560197,2.560289,1.670191,1.682886
"system.cpu.numIssuedDist::samples",770362169,765384382,859548557,859500084,956474972,946863511
"system.cpu.numIssuedDist::stdev",1.772216,1.769778,2.029215,2.029301,1.679199,1.678309
"system.cpu.numIssuedDist::total",770362169,765384382,859548557,859500084,956474972,946863511
"system.cpu.numSquashedInsts",5417078,5416676,12915754,12912404,15379729,15366903
"system.cpu.power_state.pwrStateResidencyTicks::ON",770442154000,765466743000,859624326000,859577749000,956556856000,946948909000
"system.cpu.rename.IQFullEvents",52184506,53420720,184,164,25790766,25929443
"system.cpu.rename.LQFullEvents",147746965,146153834,22736,22365,17232080,9287050
"system.cpu.rename.ROBFullEvents",634,307,12,18,26,21
"system.cpu.rename.SQFullEvents",22802278,23672825,8917,9273,114797689,117657103
"system.cpu.rename.blockCycles",98747623,94074461,38505097,38495999,104791420,101244073
"system.cpu.rename.committedMaps",1956653388,1956653388,3763768689,3763768689,1932747162,1932747162
"system.cpu.rename.fpLookups",904,904,925,925,872,872
"system.cpu.rename.idleCycles",255935201,256274118,448842174,448818920,421927291,421781318
"system.cpu.rename.intLookups",1987738088,1988316496,2967066705,2966973303,2228854547,2222527777
"system.cpu.rename.lookups",5426537669,5428213247,8946130247,8945825227,5563337972,5546437985
"system.cpu.rename.renamedInsts",1609679528,1610151462,2333309754,2333240458,1748701808,1743604526
"system.cpu.rename.renamedOperands",2747474199,2748323389,4470157520,4469986851,2498799936,2490990875
"system.cpu.rename.runCycles",223059963,223185427,363102660,363085768,256064296,255154655
"system.cpu.rename.serializeStallCycles",1177,1193,1211,1227,1340,1360
"system.cpu.rename.serializing",41,41,39,39,39,39
"system.cpu.rename.skidInsts",314780379,316153212,7552013,7561986,234333733,236656711
"system.cpu.rename.squashCycles",5514744,5518597,7275006,7273388,9503300,9498247
"system.cpu.rename.tempSerializing",40,40,40,40,40,40
"system.cpu.rename.unblockCycles",187103461,186330586,1822409,1824782,164187325,159183858
"system.cpu.rename.undoneMaps",790820782,791669972,706388812,706218143,566052755,558243694
"system.cpu.rob.reads",2259084328,2254681365,2982616015,2982497249,2561766478,2549000056
"system.cpu.rob.writes",3238809703,3240077492,4631347271,4631185617,3489042805,3478833461
"system.cpu.squashedInstsExamined",439737609,440351667,334521778,334446423,365998381,361354184
"system.cpu.squashedInstsIssued",13385,13334,248659,247787,26210,23657
"system.cpu.squashedNonSpecRemoved",1708280,1708167,35,37,4782093,4782140
"system.cpu.squashedOperandsExamined",997728153,999933611,633508086,633293233,582157276,579287337
"system.cpu.statFuBusy::FloatMemRead",11,11,3,3,5,5
"system.cpu.statFuBusy::FloatMemWrite",9,10,9,10,6,6
"system.cpu.statFuBusy::IntAlu",798189,786964,265844,265180,5828,5692
"system.cpu.statFuBusy::MemRead",12371629,12337482,9102935,9100353,7783417,7556046
"system.cpu.statFuBusy::MemWrite",2053581,2056268,7010,8610,2595234,2541160
"system.cpu.statFuBusy::SimdAlu",10,10,12,12,10,10
"system.cpu.statFuBusy::SimdCvt",1,1,1,1,1,1
"system.cpu.statFuBusy::SimdMisc",1,1,1,1,1,1
"system.cpu.statIssuedInstType_0::FloatAdd",9,9,10,10,7,7
"system.cpu.statIssuedInstType_0::FloatMemRead",123,123,91,91,99,99
"system.cpu.statIssuedInstType_0::FloatMemWrite",221,221,203,203,185,185
"system.cpu.statIssuedInstType_0::IntAlu",877921401,878030448,1418101601,1418075826,929483065,927185687
"system.cpu.statIssuedInstType_0::IntDiv",51,51,58,58,79,79
"system.cpu.statIssuedInstType_0::IntMult",146,146,25,25,302,300
"system.cpu.statIssuedInstType_0::MemRead",399263739,399317521,708790610,708771023,476074558,474750136
"system.cpu.statIssuedInstType_0::MemWrite",105323644,105358999,73720445,73720537,185574144,185163390
"system.cpu.statIssuedInstType_0::No_OpClass",5357961,5358528,445,444,6363334,6363356
"system.cpu.statIssuedInstType_0::SimdAlu",118,118,138,138,118,118
"system.cpu.statIssuedInstType_0::SimdCmp",2,2,2,2,2,2
"system.cpu.statIssuedInstType_0::SimdCvt",64,64,66,66,64,64
"system.cpu.statIssuedInstType_0::SimdFloatCvt",3,3,3,3,3,3
"system.cpu.statIssuedInstType_0::SimdMisc",103,103,105,105,101,101
"system.cpu.statIssuedInstType_0::total",1387867585,1388066336,2200613802,2200568531,1597496061,1593463527
"system.cpu.thread_0.numInsts",741164707,741164707,1231719771,1231719771,857772823,857772823
"system.cpu.thread_0.numOps",1150651453,1150651453,1958207453,1958207453,1353449561,1353449561
"system.cpu.timesIdled",549,551,494,498,556,562
"system.cpu.workload.numSyscalls",48,48,20,20,23,23
"system.l2bus.pktCount::total",3144143,3143433,2340,2340,4155817,3690781
"system.l2bus.pktCount_system.cpu.dcache.mem_side_port::system.l2cache.cpu_side_port",3142151,3141456,576,576,4153848,3688812
"system.l2bus.pktCount_system.cpu.icache.mem_side_port::system.l2cache.cpu_side_port",1992,1977,1764,1764,1969,1969
"system.l2bus.pktSize::total",114381056,122729792,66944,66944,131598016,132446464
"system.l2bus.pktSize_system.cpu.dcache.mem_side_port::system.l2cache.cpu_side_port",114327680,122676736,18432,18432,131545216,132393664
"system.l2bus.pktSize_system.cpu.icache.mem_side_port::system.l2cache.cpu_side_port",53376,53056,48512,48512,52800,52800
"system.l2bus.power_state.pwrStateResidencyTicks::UNDEFINED",770442154000,765466743000,859624326000,859577749000,956556856000,946948909000
"system.l2bus.reqLayer0.occupancy",3606553000,3867153000,1294000,1294000,4636013000,4430024000
"system.l2bus.respLayer0.occupancy",2502000,2487000,2277000,2277000,2478999,2478000
"system.l2bus.respLayer1.occupancy",3109496000,3109099000,864000,864000,3629767000,3397234000
"system.l2bus.snoopFanout::0",1662870,1404081,1044,1044,2161762,1670835
"system.l2bus.snoopFanout::1",576,525,3,3,518,480
"system.l2bus.snoopFanout::max_value",1,1,1,1,1,1
"system.l2bus.snoopFanout::mean",0.000346,0.000374,0.002865,0.002865,0.00024,0.000287
"system.l2bus.snoopFanout::samples",1663446,1404606,1047,1047,2162280,1671315
"system.l2bus.snoopFanout::stdev",0.018605,0.01933,0.053478,0.053478,0.015476,0.016945
"system.l2bus.snoopFanout::total",1663446,1404606,1047,1047,2162280,1671315
"system.l2bus.snoopTraffic",38611456,22070400,64,64,38474304,21935808
"system.l2bus.snoop_filter.hitSingleRequests",1058422,1058086,250,250,1559461,1326948
"system.l2bus.snoop_filter.hitSingleSnoops",576,525,0,0,514,476
"system.l2bus.snoop_filter.totRequests",2084699,2084325,1294,1294,2595341,2362818
"system.l2bus.snoop_filter.totSnoops",576,525,0,0,514,476
"system.l2bus.snoops",604002,345498,1,1,601804,343352
"system.l2bus.transDist::CleanEvict",265026,134451,247,247,15171,1856
"system.l2bus.transDist::ReadExReq",520258,520237,152,152,68699,68700
"system.l2bus.transDist::ReadExResp",520258,520237,152,152,68699,68700
"system.l2bus.transDist::ReadResp",506019,506002,895,895,967185,967174
"system.l2bus.transDist::ReadSharedReq",506019,506002,895,895,967185,967174
"system.l2bus.transDist::UpgradeReq",33167,32869,NA,NA,524593,292090
"system.l2bus.transDist::UpgradeResp",33167,32869,NA,NA,524593,292090
"system.l2bus.transDist::WritebackDirty",1364231,1236264,NA,NA,1621496,1376349
"system.l2cache.CleanEvict.mshrMisses::total",287,280,NA,NA,270,270
"system.l2cache.CleanEvict.mshrMisses::writebacks",287,280,NA,NA,270,270
"system.l2cache.ReadExReq.accesses::cpu.data",520258,520237,152,152,68699,68700
"system.l2cache.ReadExReq.accesses::total",520258,520237,152,152,68699,68700
"system.l2cache.ReadExReq.avgMissLatency::cpu.data",116724.147504,145747.043786,181868.421053,188638.157895,181452.585099,187310.216925
"system.l2cache.ReadExReq.avgMissLatency::total",116724.147504,145747.043786,181868.421053,188638.157895,181452.585099,187310.216925
"system.l2cache.ReadExReq.avgMshrMissLatency::cpu.data",104724.147504,131747.043786,169868.421053,174638.157895,169452.585099,173310.216925
"system.l2cache.ReadExReq.avgMshrMissLatency::total",104724.147504,131747.043786,169868.421053,174638.157895,169452.585099,173310.216925
"system.l2cache.ReadExReq.hits::cpu.data",210491,325816,NA,NA,2570,2917
"system.l2cache.ReadExReq.hits::total",210491,325816,NA,NA,2570,2917
"system.l2cache.ReadExReq.missLatency::cpu.data",36157289000,28336286000,27644000,28673000,11999278000,12321828000
"system.l2cache.ReadExReq.missLatency::total",36157289000,28336286000,27644000,28673000,11999278000,12321828000
"system.l2cache.ReadExReq.missRate::cpu.data",0.59541,0.373716,1,1,0.96259,0.95754
"system.l2cache.ReadExReq.missRate::total",0.59541,0.373716,1,1,0.96259,0.95754
"system.l2cache.ReadExReq.misses::cpu.data",309767,194421,152,152,66129,65783
"system.l2cache.ReadExReq.misses::total",309767,194421,152,152,66129,65783
"system.l2cache.ReadExReq.mshrMissLatency::cpu.data",32440085000,25614392000,25820000,26545000,11205730000,11400866000
"system.l2cache.ReadExReq.mshrMissLatency::total",32440085000,25614392000,25820000,26545000,11205730000,11400866000
"system.l2cache.ReadExReq.mshrMissRate::cpu.data",0.59541,0.373716,1,1,0.96259,0.95754
"system.l2cache.ReadExReq.mshrMissRate::total",0.59541,0.373716,1,1,0.96259,0.95754
"system.l2cache.ReadExReq.mshrMisses::cpu.data",309767,194421,152,152,66129,65783
"system.l2cache.ReadExReq.mshrMisses::total",309767,194421,152,152,66129,65783
"system.l2cache.ReadSharedReq.accesses::cpu.data",505185,505173,136,136,966359,966348
"system.l2cache.ReadSharedReq.accesses::cpu.inst",834,829,758,758,825,825
"system.l2cache.ReadSharedReq.accesses::total",506019,506002,894,894,967184,967173
"system.l2cache.ReadSharedReq.avgMissLatency::cpu.data",77059.736217,81096.254951,187626.865672,192962.686567,77030.922651,81057.2339
"system.l2cache.ReadSharedReq.avgMissLatency::cpu.inst",183702.280912,189480.676329,184269.230769,189639.257294,184600.728155,189219.660194
"system.l2cache.ReadSharedReq.avgMissLatency::total",77357.560498,81632.196264,184775.900901,190140.765766,77195.152274,81360.447987
"system.l2cache.ReadSharedReq.avgMshrMissLatency::cpu.data",65059.736217,67096.254951,175626.865672,178962.686567,65030.922651,67057.2339
"system.l2cache.ReadSharedReq.avgMshrMissLatency::cpu.inst",171702.280912,175480.676329,172269.230769,175639.257294,172600.728155,175219.660194
"system.l2cache.ReadSharedReq.avgMshrMissLatency::total",65357.560498,67632.196264,172775.900901,176140.765766,65195.152274,67360.447987
"system.l2cache.ReadSharedReq.hits::cpu.data",207744,338553,2,2,427466,673235
"system.l2cache.ReadSharedReq.hits::cpu.inst",1,1,4,4,1,1
"system.l2cache.ReadSharedReq.hits::total",207745,338554,6,6,427467,673236
"system.l2cache.ReadSharedReq.missLatency::cpu.data",22920725000,13512258000,25142000,25857000,41511425000,23758929000
"system.l2cache.ReadSharedReq.missLatency::cpu.inst",153024000,156890000,138939000,142988000,152111000,155917000
"system.l2cache.ReadSharedReq.missLatency::total",23073749000,13669148000,164081000,168845000,41663536000,23914846000
"system.l2cache.ReadSharedReq.missRate::cpu.data",0.588776,0.329828,0.985294,0.985294,0.557653,0.30332
"system.l2cache.ReadSharedReq.missRate::cpu.inst",0.998801,0.998794,0.994723,0.994723,0.998788,0.998788
"system.l2cache.ReadSharedReq.missRate::total",0.589452,0.330924,0.993289,0.993289,0.558029,0.303914
"system.l2cache.ReadSharedReq.misses::cpu.data",297441,166620,134,134,538893,293113
"system.l2cache.ReadSharedReq.misses::cpu.inst",833,828,754,754,824,824
"system.l2cache.ReadSharedReq.misses::total",298274,167448,888,888,539717,293937
"system.l2cache.ReadSharedReq.mshrMissLatency::cpu.data",19351433000,11179578000,23534000,23981000,35044709000,19655347000
"system.l2cache.ReadSharedReq.mshrMissLatency::cpu.inst",143028000,145298000,129891000,132432000,142223000,144381000
"system.l2cache.ReadSharedReq.mshrMissLatency::total",19494461000,11324876000,153425000,156413000,35186932000,19799728000
"system.l2cache.ReadSharedReq.mshrMissRate::cpu.data",0.588776,0.329828,0.985294,0.985294,0.557653,0.30332
"system.l2cache.ReadSharedReq.mshrMissRate::cpu.inst",0.998801,0.998794,0.994723,0.994723,0.998788,0.998788
"system.l2cache.ReadSharedReq.mshrMissRate::total",0.589452,0.330924,0.993289,0.993289,0.558029,0.303914
"system.l2cache.ReadSharedReq.mshrMisses::cpu.data",297441,166620,134,134,538893,293113
"system.l2cache.ReadSharedReq.mshrMisses::cpu.inst",833,828,754,754,824,824
"system.l2cache.ReadSharedReq.mshrMisses::total",298274,167448,888,888,539717,293937
"system.l2cache.UpgradeReq.accesses::cpu.data",33167,32869,NA,NA,524593,292090
"system.l2cache.UpgradeReq.accesses::total",33167,32869,NA,NA,524593,292090
"system.l2cache.UpgradeReq.avgMshrMissLatency::cpu.data",65000,NA,NA,NA,NA,NA
"system.l2cache.UpgradeReq.avgMshrMissLatency::total",65000,NA,NA,NA,NA,NA
"system.l2cache.UpgradeReq.hits::cpu.data",33165,32869,NA,NA,524593,292090
"system.l2cache.UpgradeReq.hits::total",33165,32869,NA,NA,524593,292090
"system.l2cache.UpgradeReq.missRate::cpu.data",6e-05,NA,NA,NA,NA,NA
"system.l2cache.UpgradeReq.missRate::total",6e-05,NA,NA,NA,NA,NA
"system.l2cache.UpgradeReq.misses::cpu.data",2,NA,NA,NA,NA,NA
"system.l2cache.UpgradeReq.misses::total",2,NA,NA,NA,NA,NA
"system.l2cache.UpgradeReq.mshrMissLatency::cpu.data",130000,NA,NA,NA,NA,NA
"system.l2cache.UpgradeReq.mshrMissLatency::total",130000,NA,NA,NA,NA,NA
"system.l2cache.UpgradeReq.mshrMissRate::cpu.data",6e-05,NA,NA,NA,NA,NA
"system.l2cache.UpgradeReq.mshrMissRate::total",6e-05,NA,NA,NA,NA,NA
"system.l2cache.UpgradeReq.mshrMisses::cpu.data",2,NA,NA,NA,NA,NA
"system.l2cache.UpgradeReq.mshrMisses::total",2,NA,NA,NA,NA,NA
"system.l2cache.WritebackDirty.accesses::total",760927,891414,NA,NA,1020336,1033603
"system.l2cache.WritebackDirty.accesses::writebacks",760927,891414,NA,NA,1020336,1033603
"system.l2cache.WritebackDirty.hits::total",760927,891414,NA,NA,1020336,1033603
"system.l2cache.WritebackDirty.hits::writebacks",760927,891414,NA,NA,1020336,1033603
"system.l2cache.demandAccesses::cpu.data",1025443,1025410,288,288,1035058,1035048
"system.l2cache.demandAccesses::cpu.inst",834,829,758,758,825,825
"system.l2cache.demandAccesses::total",1026277,1026239,1046,1046,1035883,1035873
"system.l2cache.demandAvgMissLatency::cpu.data",97294.525105,115910.780216,184566.433566,190664.335664,88444.226822,100532.62505
"system.l2cache.demandAvgMissLatency::cpu.inst",183702.280912,189480.676329,184269.230769,189639.257294,184600.728155,189219.660194
"system.l2cache.demandAvgMissLatency::total",97412.901433,116079.117029,184350.961538,189921.153846,88575.00751,100735.777827
"system.l2cache.demandAvgMshrMissLatency::cpu.data",85294.525105,101910.780216,172566.433566,176664.335664,76444.226822,86532.62505
"system.l2cache.demandAvgMshrMissLatency::cpu.inst",171702.280912,175480.676329,172269.230769,175639.257294,172600.728155,175219.660194
"system.l2cache.demandAvgMshrMissLatency::total",85412.901433,102079.117029,172350.961538,175921.153846,76575.00751,86735.777827
"system.l2cache.demandHits::cpu.data",418235,664369,2,2,430036,676152
"system.l2cache.demandHits::cpu.inst",1,1,4,4,1,1
"system.l2cache.demandHits::total",418236,664370,6,6,430037,676153
"system.l2cache.demandMissLatency::cpu.data",59078014000,41848544000,52786000,54530000,53510703000,36080757000
"system.l2cache.demandMissLatency::cpu.inst",153024000,156890000,138939000,142988000,152111000,155917000
"system.l2cache.demandMissLatency::total",59231038000,42005434000,191725000,197518000,53662814000,36236674000
"system.l2cache.demandMissRate::cpu.data",0.592142,0.352094,0.993056,0.993056,0.58453,0.346743
"system.l2cache.demandMissRate::cpu.inst",0.998801,0.998794,0.994723,0.994723,0.998788,0.998788
"system.l2cache.demandMissRate::total",0.592473,0.352617,0.994264,0.994264,0.584859,0.347263
"system.l2cache.demandMisses::cpu.data",607208,361041,286,286,605022,358896
"system.l2cache.demandMisses::cpu.inst",833,828,754,754,824,824
"system.l2cache.demandMisses::total",608041,361869,1040,1040,605846,359720
"system.l2cache.demandMshrMissLatency::cpu.data",51791518000,36793970000,49354000,50526000,46250439000,31056213000
"system.l2cache.demandMshrMissLatency::cpu.inst",143028000,145298000,129891000,132432000,142223000,144381000
"system.l2cache.demandMshrMissLatency::total",51934546000,36939268000,179245000,182958000,46392662000,31200594000
"system.l2cache.demandMshrMissRate::cpu.data",0.592142,0.352094,0.993056,0.993056,0.58453,0.346743
"system.l2cache.demandMshrMissRate::cpu.inst",0.998801,0.998794,0.994723,0.994723,0.998788,0.998788
"system.l2cache.demandMshrMissRate::total",0.592473,0.352617,0.994264,0.994264,0.584859,0.347263
"system.l2cache.demandMshrMisses::cpu.data",607208,361041,286,286,605022,358896
"system.l2cache.demandMshrMisses::cpu.inst",833,828,754,754,824,824
"system.l2cache.demandMshrMisses::total",608041,361869,1040,1040,605846,359720
"system.l2cache.overallAccesses::cpu.data",1025443,1025410,288,288,1035058,1035048
"system.l2cache.overallAccesses::cpu.inst",834,829,758,758,825,825
"system.l2cache.overallAccesses::total",1026277,1026239,1046,1046,1035883,1035873
"system.l2cache.overallAvgMissLatency::cpu.data",97294.525105,115910.780216,184566.433566,190664.335664,88444.226822,100532.62505
"system.l2cache.overallAvgMissLatency::cpu.inst",183702.280912,189480.676329,184269.230769,189639.257294,184600.728155,189219.660194
"system.l2cache.overallAvgMissLatency::total",97412.901433,116079.117029,184350.961538,189921.153846,88575.00751,100735.777827
"system.l2cache.overallAvgMshrMissLatency::cpu.data",85294.525105,101910.780216,172566.433566,176664.335664,76444.226822,86532.62505
"system.l2cache.overallAvgMshrMissLatency::cpu.inst",171702.280912,175480.676329,172269.230769,175639.257294,172600.728155,175219.660194
"system.l2cache.overallAvgMshrMissLatency::total",85412.901433,102079.117029,172350.961538,175921.153846,76575.00751,86735.777827
"system.l2cache.overallHits::cpu.data",418235,664369,2,2,430036,676152
"system.l2cache.overallHits::cpu.inst",1,1,4,4,1,1
"system.l2cache.overallHits::total",418236,664370,6,6,430037,676153
"system.l2cache.overallMissLatency::cpu.data",59078014000,41848544000,52786000,54530000,53510703000,36080757000
"system.l2cache.overallMissLatency::cpu.inst",153024000,156890000,138939000,142988000,152111000,155917000
"system.l2cache.overallMissLatency::total",59231038000,42005434000,191725000,197518000,53662814000,36236674000
"system.l2cache.overallMissRate::cpu.data",0.592142,0.352094,0.993056,0.993056,0.58453,0.346743
"system.l2cache.overallMissRate::cpu.inst",0.998801,0.998794,0.994723,0.994723,0.998788,0.998788
"system.l2cache.overallMissRate::total",0.592473,0.352617,0.994264,0.994264,0.584859,0.347263
"system.l2cache.overallMisses::cpu.data",607208,361041,286,286,605022,358896
"system.l2cache.overallMisses::cpu.inst",833,828,754,754,824,824
"system.l2cache.overallMisses::total",608041,361869,1040,1040,605846,359720
"system.l2cache.overallMshrMissLatency::cpu.data",51791518000,36793970000,49354000,50526000,46250439000,31056213000
"system.l2cache.overallMshrMissLatency::cpu.inst",143028000,145298000,129891000,132432000,142223000,144381000
"system.l2cache.overallMshrMissLatency::total",51934546000,36939268000,179245000,182958000,46392662000,31200594000
"system.l2cache.overallMshrMissRate::cpu.data",0.592142,0.352094,0.993056,0.993056,0.58453,0.346743
"system.l2cache.overallMshrMissRate::cpu.inst",0.998801,0.998794,0.994723,0.994723,0.998788,0.998788
"system.l2cache.overallMshrMissRate::total",0.592473,0.352617,0.994264,0.994264,0.584859,0.347263
"system.l2cache.overallMshrMisses::cpu.data",607208,361041,286,286,605022,358896
"system.l2cache.overallMshrMisses::cpu.inst",833,828,754,754,824,824
"system.l2cache.overallMshrMisses::total",608041,361869,1040,1040,605846,359720
"system.l2cache.power_state.pwrStateResidencyTicks::UNDEFINED",770442154000,765466743000,859624326000,859577749000,956556856000,946948909000
"system.l2cache.replacements",604002,345498,0,0,601803,343351
"system.l2cache.tags.ageTaskId_1024::0",84,86,78,78,83,83
"system.l2cache.tags.ageTaskId_1024::1",450,444,238,238,331,327
"system.l2cache.tags.ageTaskId_1024::2",2445,2450,NA,NA,NA,NA
"system.l2cache.tags.ageTaskId_1024::3",1115,13400,NA,NA,NA,NA
"system.l2cache.tags.ageTaskId_1024::4",2,4,724,724,3682,15974
"system.l2cache.tags.avgOccs::cpu.data",0.993355,0.974588,0.058103,0.014526,0.994939,0.979564
"system.l2cache.tags.avgOccs::cpu.inst",0.001753,0.002,0.118647,0.029662,0.001034,0.001177
"system.l2cache.tags.avgOccs::total",0.995503,0.976726,0.17675,0.044188,0.996339,0.980849
"system.l2cache.tags.avgOccs::writebacks",0.000394,0.000139,NA,NA,0.000367,0.000107
"system.l2cache.tags.avgRefs",3.427753,5.758908,1.243269,1.243269,4.283008,6.567465
"system.l2cache.tags.dataAccesses",17285690,33711082,11384,21728,21368619,38164807
"system.l2cache.tags.occupancies::cpu.data",4068.783711,15967.645629,237.989408,237.989172,4075.268387,16049.182548
"system.l2cache.tags.occupancies::cpu.inst",7.18113,32.764894,485.979875,485.979435,4.235507,19.281797
"system.l2cache.tags.occupancies::writebacks",1.615692,2.273645,NA,NA,1.502593,1.758751
"system.l2cache.tags.occupanciesTaskId::1024",4096,16384,1040,1040,4096,16384
"system.l2cache.tags.power_state.pwrStateResidencyTicks::UNDEFINED",770442154000,765466743000,859624326000,859577749000,956556856000,946948909000
"system.l2cache.tags.ratioOccsTaskId::1024",1,1,0.253906,0.063477,1,1
"system.l2cache.tags.sampledRefs",608098,361882,1040,1040,605899,359735
"system.l2cache.tags.tagAccesses",17285690,33711082,11384,21728,21368619,38164807
"system.l2cache.tags.tagsInUse",4077.580534,16002.684169,723.969283,723.968607,4081.006487,16070.223096
"system.l2cache.tags.totalRefs",2084410,2084045,1293,1293,2595070,2362547
"system.l2cache.tags.warmupTick",182000,184000,182000,184000,182000,184000
"system.l2cache.writebacks::total",603304,344850,NA,NA,601160,342746
"system.l2cache.writebacks::writebacks",603304,344850,NA,NA,601160,342746
"system.l3bus.pktCount_system.l2cache.mem_side_port::system.l3cache.cpu_side_port",1819803,1068991,2080,2080,1813251,1062585
"system.l3bus.pktSize_system.l2cache.mem_side_port::system.l3cache.cpu_side_port",77526080,45230016,66560,66560,77248384,44957824
"system.l3bus.power_state.pwrStateResidencyTicks::UNDEFINED",770442154000,765466743000,859624326000,859577749000,956556856000,946948909000
"system.l3bus.reqLayer0.occupancy",2418368000,1396822000,1040000,1040000,2409725000,1388357000
"system.l3bus.respLayer0.occupancy",1824125000,1085607000,3120000,3120000,1817538000,1079160000
"system.l3bus.snoopFanout::0",608043,361869,1040,1040,605846,359720
"system.l3bus.snoopFanout::samples",608043,361869,1040,1040,605846,359720
"system.l3bus.snoopFanout::total",608043,361869,1040,1040,605846,359720
"system.l3bus.snoop_filter.hitSingleRequests",603719,345253,0,0,601560,343146
"system.l3bus.snoop_filter.totRequests",1211760,707122,1040,1040,1207405,702865
"system.l3bus.transDist::CleanEvict",413,403,NA,NA,399,399
"system.l3bus.transDist::ReadExReq",309767,194421,152,152,66129,65783
"system.l3bus.transDist::ReadExResp",309767,194421,152,152,66129,65783
"system.l3bus.transDist::ReadResp",298274,167448,888,888,539717,293937
"system.l3bus.transDist::ReadSharedReq",298274,167448,888,888,539717,293937
"system.l3bus.transDist::UpgradeReq",2,NA,NA,NA,NA,NA
"system.l3bus.transDist::UpgradeResp",2,NA,NA,NA,NA,NA
"system.l3bus.transDist::WritebackDirty",603304,344850,NA,NA,601160,342746
"system.l3cache.ReadExReq.accesses::cpu.data",309767,194421,152,152,66129,65783
"system.l3cache.ReadExReq.accesses::total",309767,194421,152,152,66129,65783
"system.l3cache.ReadExReq.avgMissLatency::cpu.data",156256.184562,158678.437008,155868.421053,158638.157895,156123.426728,157431.560845
"system.l3cache.ReadExReq.avgMissLatency::total",156256.184562,158678.437008,155868.421053,158638.157895,156123.426728,157431.560845
"system.l3cache.ReadExReq.avgMshrMissLatency::cpu.data",106256.184562,108678.437008,105868.421053,108638.157895,106123.426728,107431.560845
"system.l3cache.ReadExReq.avgMshrMissLatency::total",106256.184562,108678.437008,105868.421053,108638.157895,106123.426728,107431.560845
"system.l3cache.ReadExReq.hits::cpu.data",192863,77517,NA,NA,422,75
"system.l3cache.ReadExReq.hits::total",192863,77517,NA,NA,422,75
"system.l3cache.ReadExReq.missLatency::cpu.data",18266973000,18550144000,23692000,24113000,10258402000,10344513000
"system.l3cache.ReadExReq.missLatency::total",18266973000,18550144000,23692000,24113000,10258402000,10344513000
"system.l3cache.ReadExReq.missRate::cpu.data",0.377393,0.601293,1,1,0.993619,0.99886
"system.l3cache.ReadExReq.missRate::total",0.377393,0.601293,1,1,0.993619,0.99886
"system.l3cache.ReadExReq.misses::cpu.data",116904,116904,152,152,65707,65708
"system.l3cache.ReadExReq.misses::total",116904,116904,152,152,65707,65708
"system.l3cache.ReadExReq.mshrMissLatency::cpu.data",12421773000,12704944000,16092000,16513000,6973052000,7059113000
"system.l3cache.ReadExReq.mshrMissLatency::total",12421773000,12704944000,16092000,16513000,6973052000,7059113000
"system.l3cache.ReadExReq.mshrMissRate::cpu.data",0.377393,0.601293,1,1,0.993619,0.99886
"system.l3cache.ReadExReq.mshrMissRate::total",0.377393,0.601293,1,1,0.993619,0.99886
"system.l3cache.ReadExReq.mshrMisses::cpu.data",116904,116904,152,152,65707,65708
"system.l3cache.ReadExReq.mshrMisses::total",116904,116904,152,152,65707,65708
"system.l3cache.ReadSharedReq.accesses::cpu.data",297441,166620,134,134,538893,293113
"system.l3cache.ReadSharedReq.accesses::cpu.inst",833,828,754,754,824,824
"system.l3cache.ReadSharedReq.accesses::total",298274,167448,888,888,539717,293937
"system.l3cache.ReadSharedReq.avgMissLatency::cpu.data",160158.273381,161971.223022,161626.865672,162962.686567,162020,162786.666667
"system.l3cache.ReadSharedReq.avgMissLatency::cpu.inst",159254.5676,160798.288509,158269.230769,159639.257294,159788.957055,160413.496933
"system.l3cache.ReadSharedReq.avgMissLatency::total",159385.416667,160968.652038,158775.900901,160140.765766,160135.751295,160782.38342
"system.l3cache.ReadSharedReq.avgMshrMissLatency::cpu.data",110158.273381,111971.223022,111626.865672,112962.686567,112020,112786.666667
"system.l3cache.ReadSharedReq.avgMshrMissLatency::cpu.inst",109254.5676,110798.288509,108269.230769,109639.257294,109788.957055,110413.496933
"system.l3cache.ReadSharedReq.avgMshrMissLatency::total",109385.416667,110968.652038,108775.900901,110140.765766,110135.751295,110782.38342
"system.l3cache.ReadSharedReq.hits::cpu.data",297302,166481,NA,NA,538743,292963
"system.l3cache.ReadSharedReq.hits::cpu.inst",12,10,NA,NA,9,9
"system.l3cache.ReadSharedReq.hits::total",297314,166491,NA,NA,538752,292972
"system.l3cache.ReadSharedReq.missLatency::cpu.data",22262000,22514000,21658000,21837000,24303000,24418000
"system.l3cache.ReadSharedReq.missLatency::cpu.inst",130748000,131533000,119335000,120368000,130228000,130737000
"system.l3cache.ReadSharedReq.missLatency::total",153010000,154047000,140993000,142205000,154531000,155155000
"system.l3cache.ReadSharedReq.missRate::cpu.data",0.000467,0.000834,1,1,0.000278,0.000512
"system.l3cache.ReadSharedReq.missRate::cpu.inst",0.985594,0.987923,1,1,0.989078,0.989078
"system.l3cache.ReadSharedReq.missRate::total",0.003219,0.005715,1,1,0.001788,0.003283
"system.l3cache.ReadSharedReq.misses::cpu.data",139,139,134,134,150,150
"system.l3cache.ReadSharedReq.misses::cpu.inst",821,818,754,754,815,815
"system.l3cache.ReadSharedReq.misses::total",960,957,888,888,965,965
"system.l3cache.ReadSharedReq.mshrMissLatency::cpu.data",15312000,15564000,14958000,15137000,16803000,16918000
"system.l3cache.ReadSharedReq.mshrMissLatency::cpu.inst",89698000,90633000,81635000,82668000,89478000,89987000
"system.l3cache.ReadSharedReq.mshrMissLatency::total",105010000,106197000,96593000,97805000,106281000,106905000
"system.l3cache.ReadSharedReq.mshrMissRate::cpu.data",0.000467,0.000834,1,1,0.000278,0.000512
"system.l3cache.ReadSharedReq.mshrMissRate::cpu.inst",0.985594,0.987923,1,1,0.989078,0.989078
"system.l3cache.ReadSharedReq.mshrMissRate::total",0.003219,0.005715,1,1,0.001788,0.003283
"system.l3cache.ReadSharedReq.mshrMisses::cpu.data",139,139,134,134,150,150
"system.l3cache.ReadSharedReq.mshrMisses::cpu.inst",821,818,754,754,815,815
"system.l3cache.ReadSharedReq.mshrMisses::total",960,957,888,888,965,965
"system.l3cache.UpgradeReq.accesses::cpu.data",2,NA,NA,NA,NA,NA
"system.l3cache.UpgradeReq.accesses::total",2,NA,NA,NA,NA,NA
"system.l3cache.UpgradeReq.hits::cpu.data",2,NA,NA,NA,NA,NA
"system.l3cache.UpgradeReq.hits::total",2,NA,NA,NA,NA,NA
"system.l3cache.WritebackDirty.accesses::total",603304,344850,NA,NA,601160,342746
"system.l3cache.WritebackDirty.accesses::writebacks",603304,344850,NA,NA,601160,342746
"system.l3cache.WritebackDirty.hits::total",603304,344850,NA,NA,601160,342746
"system.l3cache.WritebackDirty.hits::writebacks",603304,344850,NA,NA,601160,342746
"system.l3cache.demandAccesses::cpu.data",607208,361041,286,286,605022,358896
"system.l3cache.demandAccesses::cpu.inst",833,828,754,754,824,824
"system.l3cache.demandAccesses::total",608041,361869,1040,1040,605846,359720
"system.l3cache.demandAvgMissLatency::cpu.data",156260.818673,158682.347513,158566.433566,160664.335664,156136.85713,157443.757782
"system.l3cache.demandAvgMissLatency::cpu.inst",159254.5676,160798.288509,158269.230769,159639.257294,159788.957055,160413.496933
"system.l3cache.demandAvgMissLatency::total",156281.672097,158697.032946,158350.961538,159921.153846,156181.50048,157480.059394
"system.l3cache.demandAvgMshrMissLatency::cpu.data",106260.818673,108682.347513,108566.433566,110664.335664,106136.85713,107443.757782
"system.l3cache.demandAvgMshrMissLatency::cpu.inst",109254.5676,110798.288509,108269.230769,109639.257294,109788.957055,110413.496933
"system.l3cache.demandAvgMshrMissLatency::total",106281.672097,108697.032946,108350.961538,109921.153846,106181.50048,107480.059394
"system.l3cache.demandHits::cpu.data",490165,243998,NA,NA,539165,293038
"system.l3cache.demandHits::cpu.inst",12,10,NA,NA,9,9
"system.l3cache.demandHits::total",490177,244008,NA,NA,539174,293047
"system.l3cache.demandMissLatency::cpu.data",18289235000,18572658000,45350000,45950000,10282705000,10368931000
"system.l3cache.demandMissLatency::cpu.inst",130748000,131533000,119335000,120368000,130228000,130737000
"system.l3cache.demandMissLatency::total",18419983000,18704191000,164685000,166318000,10412933000,10499668000
"system.l3cache.demandMissRate::cpu.data",0.192756,0.324182,1,1,0.108851,0.183502
"system.l3cache.demandMissRate::cpu.inst",0.985594,0.987923,1,1,0.989078,0.989078
"system.l3cache.demandMissRate::total",0.193842,0.325701,1,1,0.110048,0.185347
"system.l3cache.demandMisses::cpu.data",117043,117043,286,286,65857,65858
"system.l3cache.demandMisses::cpu.inst",821,818,754,754,815,815
"system.l3cache.demandMisses::total",117864,117861,1040,1040,66672,66673
"system.l3cache.demandMshrMissLatency::cpu.data",12437085000,12720508000,31050000,31650000,6989855000,7076031000
"system.l3cache.demandMshrMissLatency::cpu.inst",89698000,90633000,81635000,82668000,89478000,89987000
"system.l3cache.demandMshrMissLatency::total",12526783000,12811141000,112685000,114318000,7079333000,7166018000
"system.l3cache.demandMshrMissRate::cpu.data",0.192756,0.324182,1,1,0.108851,0.183502
"system.l3cache.demandMshrMissRate::cpu.inst",0.985594,0.987923,1,1,0.989078,0.989078
"system.l3cache.demandMshrMissRate::total",0.193842,0.325701,1,1,0.110048,0.185347
"system.l3cache.demandMshrMisses::cpu.data",117043,117043,286,286,65857,65858
"system.l3cache.demandMshrMisses::cpu.inst",821,818,754,754,815,815
"system.l3cache.demandMshrMisses::total",117864,117861,1040,1040,66672,66673
"system.l3cache.overallAccesses::cpu.data",607208,361041,286,286,605022,358896
"system.l3cache.overallAccesses::cpu.inst",833,828,754,754,824,824
"system.l3cache.overallAccesses::total",608041,361869,1040,1040,605846,359720
"system.l3cache.overallAvgMissLatency::cpu.data",156260.818673,158682.347513,158566.433566,160664.335664,156136.85713,157443.757782
"system.l3cache.overallAvgMissLatency::cpu.inst",159254.5676,160798.288509,158269.230769,159639.257294,159788.957055,160413.496933
"system.l3cache.overallAvgMissLatency::total",156281.672097,158697.032946,158350.961538,159921.153846,156181.50048,157480.059394
"system.l3cache.overallAvgMshrMissLatency::cpu.data",106260.818673,108682.347513,108566.433566,110664.335664,106136.85713,107443.757782
"system.l3cache.overallAvgMshrMissLatency::cpu.inst",109254.5676,110798.288509,108269.230769,109639.257294,109788.957055,110413.496933
"system.l3cache.overallAvgMshrMissLatency::total",106281.672097,108697.032946,108350.961538,109921.153846,106181.50048,107480.059394
"system.l3cache.overallHits::cpu.data",490165,243998,NA,NA,539165,293038
"system.l3cache.overallHits::cpu.inst",12,10,NA,NA,9,9
"system.l3cache.overallHits::total",490177,244008,NA,NA,539174,293047
"system.l3cache.overallMissLatency::cpu.data",18289235000,18572658000,45350000,45950000,10282705000,10368931000
"system.l3cache.overallMissLatency::cpu.inst",130748000,131533000,119335000,120368000,130228000,130737000
"system.l3cache.overallMissLatency::total",18419983000,18704191000,164685000,166318000,10412933000,10499668000
"system.l3cache.overallMissRate::cpu.data",0.192756,0.324182,1,1,0.108851,0.183502
"system.l3cache.overallMissRate::cpu.inst",0.985594,0.987923,1,1,0.989078,0.989078
"system.l3cache.overallMissRate::total",0.193842,0.325701,1,1,0.110048,0.185347
"system.l3cache.overallMisses::cpu.data",117043,117043,286,286,65857,65858
"system.l3cache.overallMisses::cpu.inst",821,818,754,754,815,815
"system.l3cache.overallMisses::total",117864,117861,1040,1040,66672,66673
"system.l3cache.overallMshrMissLatency::cpu.data",12437085000,12720508000,31050000,31650000,6989855000,7076031000
"system.l3cache.overallMshrMissLatency::cpu.inst",89698000,90633000,81635000,82668000,89478000,89987000
"system.l3cache.overallMshrMissLatency::total",12526783000,12811141000,112685000,114318000,7079333000,7166018000
"system.l3cache.overallMshrMissRate::cpu.data",0.192756,0.324182,1,1,0.108851,0.183502
"system.l3cache.overallMshrMissRate::cpu.inst",0.985594,0.987923,1,1,0.989078,0.989078
"system.l3cache.overallMshrMissRate::total",0.193842,0.325701,1,1,0.110048,0.185347
"system.l3cache.overallMshrMisses::cpu.data",117043,117043,286,286,65857,65858
"system.l3cache.overallMshrMisses::cpu.inst",821,818,754,754,815,815
"system.l3cache.overallMshrMisses::total",117864,117861,1040,1040,66672,66673
"system.l3cache.power_state.pwrStateResidencyTicks::UNDEFINED",770442154000,765466743000,859624326000,859577749000,956556856000,946948909000
"system.l3cache.tags.ageTaskId_1024::0",68,71,78,78,68,68
"system.l3cache.tags.ageTaskId_1024::1",251,249,238,238,292,293
"system.l3cache.tags.ageTaskId_1024::4",117545,117541,724,724,66312,66312
"system.l3cache.tags.avgOccs::cpu.data",0.108961,0.217898,0.000454,0.000908,0.115214,0.230172
"system.l3cache.tags.avgOccs::cpu.inst",0.001027,0.002047,0.000927,0.001854,0.000958,0.001917
"system.l3cache.tags.avgOccs::total",0.109988,0.219945,0.001381,0.002762,0.116172,0.232089
"system.l3cache.tags.avgRefs",10.281002,5.999627,1,1,18.109626,10.541974
"system.l3cache.tags.dataAccesses",9811944,5774837,9360,9360,9725912,5689593
"system.l3cache.tags.occupancies::cpu.data",57126.698789,57120.665998,237.989425,237.989189,60405.09787,60338.147394
"system.l3cache.tags.occupancies::cpu.inst",538.553536,536.657884,485.979919,485.97948,502.502661,502.483849
"system.l3cache.tags.occupanciesTaskId::1024",117864,117861,1040,1040,66672,66673
"system.l3cache.tags.power_state.pwrStateResidencyTicks::UNDEFINED",770442154000,765466743000,859624326000,859577749000,956556856000,946948909000
"system.l3cache.tags.ratioOccsTaskId::1024",0.224808,0.449604,0.001984,0.003967,0.127167,0.254337
"system.l3cache.tags.sampledRefs",117864,117861,1040,1040,66672,66673
"system.l3cache.tags.tagAccesses",9811944,5774837,9360,9360,9725912,5689593
"system.l3cache.tags.tagsInUse",57665.252325,57657.323882,723.969345,723.968669,60907.600532,60840.631242
"system.l3cache.tags.totalRefs",1211760,707122,1040,1040,1207405,702865
"system.l3cache.tags.warmupTick",131000,133000,131000,133000,131000,133000
"system.mem_ctrl.avgGap",6536701.25,6494654.05,826561659.62,826516870.19,14347199.14,14202880.54
"system.mem_ctrl.avgPriority_cpu.data::samples",117043,117043,286,286,65857,65858
"system.mem_ctrl.avgPriority_cpu.inst::samples",821,818,754,754,815,815
"system.mem_ctrl.avgRdBWSys",9790866.14204134,9854254.37353064,77429.17224053,77433.36781046,4460799.13936658,4506126.95093141
"system.mem_ctrl.avgRdQLen",1.04,1,1,1,1,1
"system.mem_ctrl.bytesReadSys",7543296,7543104,66560,66560,4267008,4267072
"system.mem_ctrl.dram.avgBusLat",5000,5000,5000,5000,5000,5000
"system.mem_ctrl.dram.avgMemAccLat",24997.37,27412.8,27012.74,28583.65,24853.82,26153.41
"system.mem_ctrl.dram.avgQLat",6247.37,8662.8,8262.74,9833.65,6103.82,7403.41
"system.mem_ctrl.dram.avgRdBW",9.790866,9.854254,0.077429,0.077433,4.460799,4.506127
"system.mem_ctrl.dram.busUtil",0.08,0.08,0,0,0.03,0.04
"system.mem_ctrl.dram.busUtilRead",0.08,0.08,0,0,0.03,0.04
"system.mem_ctrl.dram.bwInstRead::cpu.inst",68200,68392,56136,56139,54529,55082
"system.mem_ctrl.dram.bwInstRead::total",68200,68392,56136,56139,54529,55082
"system.mem_ctrl.dram.bwRead::cpu.data",9722666,9785862,21293,21294,4406270,4451045
"system.mem_ctrl.dram.bwRead::cpu.inst",68200,68392,56136,56139,54529,55082
"system.mem_ctrl.dram.bwRead::total",9790866,9854254,77429,77433,4460799,4506127
"system.mem_ctrl.dram.bwTotal::cpu.data",9722666,9785862,21293,21294,4406270,4451045
"system.mem_ctrl.dram.bwTotal::cpu.inst",68200,68392,56136,56139,54529,55082
"system.mem_ctrl.dram.bwTotal::total",9790866,9854254,77429,77433,4460799,4506127
"system.mem_ctrl.dram.bytesInstRead::cpu.inst",52544,52352,48256,48256,52160,52160
"system.mem_ctrl.dram.bytesInstRead::total",52544,52352,48256,48256,52160,52160
"system.mem_ctrl.dram.bytesPerActivate::0-127",389,421,76,75,421,422
"system.mem_ctrl.dram.bytesPerActivate::1024-1151",3395,3445,12,11,14,15
"system.mem_ctrl.dram.bytesPerActivate::128-255",7330,7363,72,76,15483,15525
"system.mem_ctrl.dram.bytesPerActivate::256-383",3256,3155,30,26,4870,4845
"system.mem_ctrl.dram.bytesPerActivate::384-511",1471,3067,17,22,21,19
"system.mem_ctrl.dram.bytesPerActivate::512-639",1743,292,9,9,10,12
"system.mem_ctrl.dram.bytesPerActivate::640-767",140,110,4,7,6,6
"system.mem_ctrl.dram.bytesPerActivate::768-895",133,125,9,7,12,7
"system.mem_ctrl.dram.bytesPerActivate::896-1023",84,122,7,6,1,2
"system.mem_ctrl.dram.bytesPerActivate::gmean",326.283913,323.276937,177.334549,177.81724,200.188402,200.06084
"system.mem_ctrl.dram.bytesPerActivate::mean",420.43944,416.731934,274.440678,270.995816,204.767444,204.610943
"system.mem_ctrl.dram.bytesPerActivate::samples",17941,18100,236,239,20838,20853
"system.mem_ctrl.dram.bytesPerActivate::stdev",319.4083,319.590835,279.200821,270.158987,45.65532,45.361785
"system.mem_ctrl.dram.bytesPerActivate::total",17941,18100,236,239,20838,20853
"system.mem_ctrl.dram.bytesRead::cpu.data",7490752,7490752,18304,18304,4214848,4214912
"system.mem_ctrl.dram.bytesRead::cpu.inst",52544,52352,48256,48256,52160,52160
"system.mem_ctrl.dram.bytesRead::total",7543296,7543104,66560,66560,4267008,4267072
"system.mem_ctrl.dram.dramBytesRead",7543296,7543104,66560,66560,4267008,4267072
"system.mem_ctrl.dram.numReads::cpu.data",117043,117043,286,286,65857,65858
"system.mem_ctrl.dram.numReads::cpu.inst",821,818,754,754,815,815
"system.mem_ctrl.dram.numReads::total",117864,117861,1040,1040,66672,66673
"system.mem_ctrl.dram.pageHitRate",84.78,84.64,76.54,76.25,68.74,68.72
"system.mem_ctrl.dram.peakBW",12800,12800,12800,12800,12800,12800
"system.mem_ctrl.dram.perBankRdBursts::0",7428,7428,76,76,4166,4166
"system.mem_ctrl.dram.perBankRdBursts::1",7410,7410,89,89,4188,4188
"system.mem_ctrl.dram.perBankRdBursts::10",7341,7341,26,26,4141,4141
"system.mem_ctrl.dram.perBankRdBursts::11",7305,7305,14,14,4116,4116
"system.mem_ctrl.dram.perBankRdBursts::12",7309,7309,33,33,4110,4110
"system.mem_ctrl.dram.perBankRdBursts::13",7406,7406,104,104,4212,4212
"system.mem_ctrl.dram.perBankRdBursts::14",7370,7370,45,45,4192,4192
"system.mem_ctrl.dram.perBankRdBursts::15",7370,7370,26,26,4142,4143
"system.mem_ctrl.dram.perBankRdBursts::2",7372,7372,93,93,4195,4195
"system.mem_ctrl.dram.perBankRdBursts::3",7336,7336,105,105,4177,4177
"system.mem_ctrl.dram.perBankRdBursts::4",7368,7368,101,101,4218,4218
"system.mem_ctrl.dram.perBankRdBursts::5",7315,7315,35,35,4116,4116
"system.mem_ctrl.dram.perBankRdBursts::6",7355,7354,35,35,4152,4152
"system.mem_ctrl.dram.perBankRdBursts::7",7380,7379,82,82,4147,4147
"system.mem_ctrl.dram.perBankRdBursts::8",7389,7388,72,72,4185,4185
"system.mem_ctrl.dram.perBankRdBursts::9",7410,7410,104,104,4215,4215
"system.mem_ctrl.dram.power_state.pwrStateResidencyTicks::UNDEFINED",770442154000,765466743000,859624326000,859577749000,956556856000,946948909000
"system.mem_ctrl.dram.rank0.actBackEnergy",32051829600,32022857070,12453034530,12457527840,43662682290,43656761700
"system.mem_ctrl.dram.rank0.actEnergy",64231440,64766940,899640,935340,74327400,74405940
"system.mem_ctrl.dram.rank0.averagePower",470.181935,470.224088,465.232591,465.233591,470.514328,470.5903
"system.mem_ctrl.dram.rank0.preBackEnergy",268858773120,266972613120,319608975360,319587306240,330549258240,326864792640
"system.mem_ctrl.dram.rank0.preEnergy",34132230,34416855,459195,478170,39502155,39540105
"system.mem_ctrl.dram.rank0.pwrStateTime::ACT",46041808500,46136472250,123058750,134427750,65643543750,65934651000
"system.mem_ctrl.dram.rank0.pwrStateTime::IDLE",698673605500,693769670750,830796747250,830740361250,858971792250,849393578000
"system.mem_ctrl.dram.rank0.pwrStateTime::REF",25726740000,25560600000,28704520000,28702960000,31941520000,31620680000
"system.mem_ctrl.dram.rank0.readEnergy",421002960,420988680,4398240,4398240,238183260,238183260
"system.mem_ctrl.dram.rank0.refreshEnergy",60818013360,60425258400,67857485280,67853797440,75509753280,74751287520
"system.mem_ctrl.dram.rank0.totalEnergy",362247982710,359940901065,399925252245,399904443270,450073706625,445624971165
"system.mem_ctrl.dram.rank1.actBackEnergy",32018469780,31991965920,12465356220,12460039260,43694769870,43692511530
"system.mem_ctrl.dram.rank1.actEnergy",63888720,64488480,842520,828240,74463060,74505900
"system.mem_ctrl.dram.rank1.averagePower",470.173829,470.216576,465.233166,465.232276,470.519503,470.596087
"system.mem_ctrl.dram.rank1.preBackEnergy",268886865600,266998626720,319598599200,319585191360,330522237120,326834687520
"system.mem_ctrl.dram.rank1.preEnergy",33953865,34272645,436425,428835,39578055,39597030
"system.mem_ctrl.dram.rank1.pwrStateTime::ACT",45968516500,46068507500,150219500,140009500,65714248750,66013363250
"system.mem_ctrl.dram.rank1.pwrStateTime::IDLE",698746897500,693837635500,830769586500,830734779500,858901087250,849314865750
"system.mem_ctrl.dram.rank1.pwrStateTime::REF",25726740000,25560600000,28704520000,28702960000,31941520000,31620680000
"system.mem_ctrl.dram.rank1.readEnergy",420546000,420538860,3027360,3027360,237854820,237861960
"system.mem_ctrl.dram.rank1.refreshEnergy",60818013360,60425258400,67857485280,67853797440,75509753280,74751287520
"system.mem_ctrl.dram.rank1.totalEnergy",362241737325,359935151025,399925747005,399903312495,450078656205,445630451460
"system.mem_ctrl.dram.readBursts",117864,117861,1040,1040,66672,66673
"system.mem_ctrl.dram.readRowHitRate",84.78,84.64,76.54,76.25,68.74,68.72
"system.mem_ctrl.dram.readRowHits",99920,99758,796,793,45833,45817
"system.mem_ctrl.dram.totBusLat",589320000,589305000,5200000,5200000,333360000,333365000
"system.mem_ctrl.dram.totMemAccLat",2946289750,3230899500,28093250,29727000,1657054000,1743726000
"system.mem_ctrl.dram.totQLat",736339750,1021005750,8593250,10227000,406954000,493607250
"system.mem_ctrl.numStayReadState",433617,432334,222877,222863,379036,376571
"system.mem_ctrl.power_state.pwrStateResidencyTicks::UNDEFINED",770442154000,765466743000,859624326000,859577749000,956556856000,946948909000
"system.mem_ctrl.priorityMaxLatency",5.785e-07,5.795e-07,5.77e-07,5.84e-07,5.795e-07,5.76e-07
"system.mem_ctrl.priorityMinLatency",1.875e-08,1.875e-08,1.875e-08,1.875e-08,1.875e-08,1.875e-08
"system.mem_ctrl.rdQLenPdf::0",117554,117548,736,737,66342,66347
"system.mem_ctrl.rdQLenPdf::1",265,267,241,240,276,275
"system.mem_ctrl.rdQLenPdf::2",41,41,52,50,49,45
"system.mem_ctrl.rdQLenPdf::3",4,5,9,10,5,6
"system.mem_ctrl.rdQLenPdf::4",0,0,1,2,0,0
"system.mem_ctrl.rdQLenPdf::5",0,0,1,1,0,0
"system.mem_ctrl.readBursts",117864,117861,1040,1040,66672,66673
"system.mem_ctrl.readPktSize::6",117864,117861,1040,1040,66672,66673
"system.mem_ctrl.readReqs",117864,117861,1040,1040,66672,66673
"system.mem_ctrl.requestorReadAccesses::cpu.data",117043,117043,286,286,65857,65858
"system.mem_ctrl.requestorReadAccesses::cpu.inst",821,818,754,754,815,815
"system.mem_ctrl.requestorReadAvgLat::cpu.data",24976.79,27398.42,27196.68,29295.45,24809.11,26117.09
"system.mem_ctrl.requestorReadAvgLat::cpu.inst",27930.27,29469.44,26942.97,28313.66,28466.56,29088.04
"system.mem_ctrl.requestorReadBytes::cpu.data",7490752,7490752,18304,18304,4214848,4214912
"system.mem_ctrl.requestorReadBytes::cpu.inst",52544,52352,48256,48256,52160,52160
"system.mem_ctrl.requestorReadRate::cpu.data",9722666.34309836,9785862.11419508,21293.0223661446,21294.1761478751,4406270.2322004,4451044.78176235
"system.mem_ctrl.requestorReadRate::cpu.inst",68199.7989429846,68392.2593355568,56136.1498743813,56139.1916625799,54528.9071661831,55082.1691690655
"system.mem_ctrl.requestorReadTotalLat::cpu.data",2923359000,3206793500,7778250,8378500,1633853750,1720019250
"system.mem_ctrl.requestorReadTotalLat::cpu.inst",22930750,24106000,20315000,21348500,23200250,23706750
"system.mem_ctrl.totGap",770441756000,765466421000,859624126000,859577545000,956556461000,946948654000
"system.membus.pktCount::total",235728,235722,2080,2080,133344,133346
"system.membus.pktCount_system.l3cache.mem_side_port::system.mem_ctrl.port",235728,235722,2080,2080,133344,133346
"system.membus.pktCount_system.l3cache.mem_side_port::total",235728,235722,2080,2080,133344,133346
"system.membus.pktSize::total",7543296,7543104,66560,66560,4267008,4267072
"system.membus.pktSize_system.l3cache.mem_side_port::system.mem_ctrl.port",7543296,7543104,66560,66560,4267008,4267072
"system.membus.pktSize_system.l3cache.mem_side_port::total",7543296,7543104,66560,66560,4267008,4267072
"system.membus.power_state.pwrStateResidencyTicks::UNDEFINED",770442154000,765466743000,859624326000,859577749000,956556856000,946948909000
"system.membus.reqLayer2.occupancy",117864000,117861000,1040000,1040000,66672000,66673000
"system.membus.respLayer0.occupancy",622805000,622780000,5524500,5524750,355179250,355115500
"system.membus.snoopFanout::0",117864,117861,1040,1040,66672,66673
"system.membus.snoopFanout::samples",117864,117861,1040,1040,66672,66673
"system.membus.snoopFanout::total",117864,117861,1040,1040,66672,66673
"system.membus.snoop_filter.totRequests",117864,117861,1040,1040,66672,66673
"system.membus.transDist::ReadExReq",116904,116904,152,152,65707,65708
"system.membus.transDist::ReadExResp",116904,116904,152,152,65707,65708
"system.membus.transDist::ReadResp",960,957,888,888,965,965
"system.membus.transDist::ReadSharedReq",960,957,888,888,965,965
