"metric","stats-gemm-Broadwell-X86","stats-gemm-Skylake-X86","stats-mergesort-Broadwell-X86","stats-mergesort-Skylake-X86","stats-nqueens-Broadwell-X86","stats-nqueens-Skylake-X86","stats-quicksort-Broadwell-X86","stats-quicksort-Skylake-X86"
"finalTick",84375490000,84681155000,18986984000,19009839000,28143244000,28129101000,11143913000,11156538000
"hostInstRate",243687,240932,154644,155358,187557,185349,152810,150251
"hostMemory",8647112,8589768,8648140,8590792,8647112,8589764,8648140,8590796
"hostOpRate",283449,280245,245690,246825,300245,296710,242658,238594
"hostSeconds",434.34,439.31,121.83,121.27,190.88,193.15,64.8,65.9
"hostTickRate",194261637,192761526,155842298,156750856,147443192,145634021,171971612,169283218
"simFreq",1e+12,1e+12,1e+12,1e+12,1e+12,1e+12,1e+12,1e+12
"simInsts",105842860,105842860,18840951,18840951,35799971,35799971,9902262,9902262
"simOps",123113174,123113174,29933554,29933554,57309279,57309279,15724454,15724454
"simSeconds",0.084375,0.084681,0.018987,0.01901,0.028143,0.028129,0.011144,0.011157
"simTicks",84375490000,84681155000,18986984000,19009839000,28143244000,28129101000,11143913000,11156538000
"system.clk_domain.clock",1000,1000,1000,1000,1000,1000,1000,1000
"system.clk_domain.voltage_domain.voltage",1,1,1,1,1,1,1,1
"system.cpu.MemDepUnit__0.conflictingLoads",0,0,0,0,0,0,0,0
"system.cpu.MemDepUnit__0.conflictingStores",0,0,0,0,0,0,0,0
"system.cpu.MemDepUnit__0.insertedLoads",0,0,0,0,0,0,0,0
"system.cpu.MemDepUnit__0.insertedStores",0,0,0,0,0,0,0,0
"system.cpu.MemDepUnit__1.conflictingLoads",1,1,1,1,1,1,1,1
"system.cpu.MemDepUnit__1.conflictingStores",1,1,1,1,1,1,1,1
"system.cpu.MemDepUnit__1.insertedLoads",1,1,1,1,1,1,1,1
"system.cpu.MemDepUnit__1.insertedStores",1,1,1,1,1,1,1,1
"system.cpu.MemDepUnit__2.conflictingLoads",2,2,2,2,2,2,2,2
"system.cpu.MemDepUnit__2.conflictingStores",2,2,2,2,2,2,2,2
"system.cpu.MemDepUnit__2.insertedLoads",2,2,2,2,2,2,2,2
"system.cpu.MemDepUnit__2.insertedStores",2,2,2,2,2,2,2,2
"system.cpu.MemDepUnit__3.conflictingLoads",3,3,3,3,3,3,3,3
"system.cpu.MemDepUnit__3.conflictingStores",3,3,3,3,3,3,3,3
"system.cpu.MemDepUnit__3.insertedLoads",3,3,3,3,3,3,3,3
"system.cpu.MemDepUnit__3.insertedStores",3,3,3,3,3,3,3,3
"system.cpu.branchPred.BTBHitRatio",0.990701,0.990703,0.754862,0.754957,0.991654,0.991694,0.680825,0.680592
"system.cpu.branchPred.BTBHits",2185963,2185960,2654408,2655921,6422924,6419977,1163539,1162965
"system.cpu.branchPred.BTBLookups",2206480,2206474,3516413,3517978,6476980,6473747,1709013,1708754
"system.cpu.branchPred.BTBMispredicted",711,710,738,737,656,656,765,765
"system.cpu.branchPred.BTBUpdates",1174,1169,59662,59857,159273,159416,49490,49537
"system.cpu.branchPred.NotTakenMispredicted",1277,1270,59766,59961,159374,159516,49748,49791
"system.cpu.branchPred.TakenMispredicted",489,487,56163,56119,161747,161252,49122,49429
"system.cpu.branchPred.btb.lookups::total",2206480,2206474,3516413,3517978,6476980,6473747,1709013,1708754
"system.cpu.branchPred.btb.mispredict::total",1174,1169,59662,59857,159273,159416,49490,49537
"system.cpu.branchPred.btb.misses::total",20517,20514,862005,862057,54056,53770,545474,545789
"system.cpu.branchPred.btb.power_state.pwrStateResidencyTicks::UNDEFINED",84375490000,84681155000,18986984000,19009839000,28143244000,28129101000,11143913000,11156538000
"system.cpu.branchPred.btb.updates::total",1174,1169,59662,59857,159273,159416,49490,49537
"system.cpu.branchPred.committed_0::total",0,0,0,0,0,0,0,0
"system.cpu.branchPred.condIncorrect",1766,1757,115929,116080,321121,320768,98870,99220
"system.cpu.branchPred.condPredicted",2180469,2180439,2652176,2653066,5832816,5829915,999126,999010
"system.cpu.branchPred.condPredictedTaken",2143382,2143363,1112561,1112697,2473770,2471946,578645,579073
"system.cpu.branchPred.corrected_0::total",0,0,0,0,0,0,0,0
"system.cpu.branchPred.earlyResteers_0::CallDirect",0,0,0,0,0,0,0,0
"system.cpu.branchPred.earlyResteers_0::CallIndirect",0,0,0,0,0,0,0,0
"system.cpu.branchPred.earlyResteers_0::DirectCond",0,0,0,0,0,0,0,0
"system.cpu.branchPred.earlyResteers_0::DirectUncond",0,0,0,0,0,0,0,0
"system.cpu.branchPred.earlyResteers_0::IndirectCond",0,0,0,0,0,0,0,0
"system.cpu.branchPred.earlyResteers_0::IndirectUncond",0,0,0,0,0,0,0,0
"system.cpu.branchPred.earlyResteers_0::NoBranch",0,0,0,0,0,0,0,0
"system.cpu.branchPred.earlyResteers_0::Return",0,0,0,0,0,0,0,0
"system.cpu.branchPred.earlyResteers_0::total",0,0,0,0,0,0,0,0
"system.cpu.branchPred.indirectBranchPred.hits",11,11,9,9,10,10,14,14
"system.cpu.branchPred.indirectBranchPred.indirectRecords",429,430,357,358,424,426,453,457
"system.cpu.branchPred.indirectBranchPred.lookups",336,337,267,268,332,335,361,365
"system.cpu.branchPred.indirectBranchPred.misses",325,326,258,259,322,325,347,351
"system.cpu.branchPred.indirectBranchPred.speculativeOverflows",2,2,3,3,3,3,3,3
"system.cpu.branchPred.indirectBranchPred.targetRecords",93,93,90,90,92,91,92,92
"system.cpu.branchPred.indirectHits",11,11,9,9,10,10,14,14
"system.cpu.branchPred.indirectLookups",336,337,267,268,332,335,361,365
"system.cpu.branchPred.indirectMispredicted",0,0,0,0,0,0,0,0
"system.cpu.branchPred.indirectMisses",325,326,258,259,322,325,347,351
"system.cpu.branchPred.lookups_0::total",0,0,0,0,0,0,0,0
"system.cpu.branchPred.mispredicted_0::total",0,0,0,0,0,0,0,0
"system.cpu.branchPred.predTakenBTBMiss",366,366,382,385,339,341,391,391
"system.cpu.branchPred.ras.correct",2554,2554,197024,197024,35774,35774,236482,236486
"system.cpu.branchPred.ras.incorrect",0,0,3,3,0,0,155,151
"system.cpu.branchPred.ras.pops",3485,3500,313652,313513,75392,75341,459832,459617
"system.cpu.branchPred.ras.pushes",3490,3505,313657,313518,75397,75346,459837,459622
"system.cpu.branchPred.ras.squashes",931,946,116625,116486,39618,39567,223195,222980
"system.cpu.branchPred.ras.used",2554,2554,197027,197027,35774,35774,236637,236637
"system.cpu.branchPred.squashes_0::total",0,0,0,0,0,0,0,0
"system.cpu.branchPred.tage.altMatchProvider::0",0,0,0,0,0,0,0,0
"system.cpu.branchPred.tage.altMatchProvider::1",1,1,1,1,1,1,1,1
"system.cpu.branchPred.tage.altMatchProvider::2",2,2,2,2,2,2,2,2
"system.cpu.branchPred.tage.altMatchProvider::3",3,3,3,3,3,3,3,3
"system.cpu.branchPred.tage.altMatchProvider::4",4,4,4,4,4,4,4,4
"system.cpu.branchPred.tage.altMatchProvider::5",5,5,5,5,5,5,5,5
"system.cpu.branchPred.tage.altMatchProvider::6",6,6,6,6,6,6,6,6
"system.cpu.branchPred.tage.altMatchProvider::7",7,7,7,7,7,7,7,7
"system.cpu.branchPred.tage.altMatchProviderCorrect",252,234,23904,24003,23897,22248,29711,29154
"system.cpu.branchPred.tage.altMatchProviderWouldHaveHit",363,365,37699,38528,86101,86008,20013,20567
"system.cpu.branchPred.tage.altMatchProviderWrong",180,183,22425,21825,16763,15770,17396,17255
"system.cpu.branchPred.tage.bimodalAltMatchProviderCorrect",75,69,286,565,120,146,737,682
"system.cpu.branchPred.tage.bimodalAltMatchProviderWrong",25,29,96,435,20,18,405,333
"system.cpu.branchPred.tage.bimodalProviderCorrect",121418,209976,646856,662140,508337,569033,150073,138457
"system.cpu.branchPred.tage.bimodalProviderWrong",415,411,686,698,412,434,730,742
"system.cpu.branchPred.tage.longestMatchProvider::0",0,0,0,0,0,0,0,0
"system.cpu.branchPred.tage.longestMatchProvider::1",1,1,1,1,1,1,1,1
"system.cpu.branchPred.tage.longestMatchProvider::2",2,2,2,2,2,2,2,2
"system.cpu.branchPred.tage.longestMatchProvider::3",3,3,3,3,3,3,3,3
"system.cpu.branchPred.tage.longestMatchProvider::4",4,4,4,4,4,4,4,4
"system.cpu.branchPred.tage.longestMatchProvider::5",5,5,5,5,5,5,5,5
"system.cpu.branchPred.tage.longestMatchProvider::6",6,6,6,6,6,6,6,6
"system.cpu.branchPred.tage.longestMatchProvider::7",7,7,7,7,7,7,7,7
"system.cpu.branchPred.tage.longestMatchProviderCorrect",2052618,1964087,1020566,1004735,3694403,3635786,446634,458516
"system.cpu.branchPred.tage.longestMatchProviderWouldHaveHit",112,115,11094,11209,12170,11438,9081,9036
"system.cpu.branchPred.tage.longestMatchProviderWrong",617,611,92179,92597,286753,287270,79238,79785
"system.cpu.branchPred.targetProvider_0::total",0,0,0,0,0,0,0,0
"system.cpu.branchPred.targetWrong_0::total",0,0,0,0,0,0,0,0
"system.cpu.commit.amos",0,0,0,0,0,0,0,0
"system.cpu.commit.branchMispredicts",1451,1445,115626,115780,320832,320480,98531,98882
"system.cpu.commit.commitEligibleSamples",4257965,4258125,1185611,1186190,3303985,3304574,734183,743098
"system.cpu.commit.commitNonSpecStalls",54,54,98358,98358,48,48,98358,98358
"system.cpu.commit.commitSquashedInsts",94365,94164,10336290,10344389,13855509,13823724,4529255,4525648
"system.cpu.commit.committedInstType_0::total",0,0,0,0,0,0,0,0
"system.cpu.commit.functionCalls",2559,2559,197032,197032,35779,35779,236642,236642
"system.cpu.commit.membars",36,36,65572,65572,32,32,65572,65572
"system.cpu.commit.numCommittedDist::max_value",8,8,8,8,8,8,8,8
"system.cpu.commit.numCommittedDist::mean",1.460679,1.455446,1.704511,1.702719,2.19156,2.192605,1.504594,1.503189
"system.cpu.commit.numCommittedDist::min_value",0,0,0,0,0,0,0,0
"system.cpu.commit.numCommittedDist::samples",84284909,84587934,17561373,17579854,26149994,26137526,10450964,10460729
"system.cpu.commit.numCommittedDist::stdev",2.148443,2.146378,2.392756,2.392328,2.650547,2.65086,2.30451,2.301899
"system.cpu.commit.numCommittedDist::total",84284909,84587934,17561373,17579854,26149994,26137526,10450964,10460729
"system.cpu.commitStats0.committedControl::IsCall",0,0,0,0,0,0,0,0
"system.cpu.commitStats0.committedControl::IsCondControl",0,0,0,0,0,0,0,0
"system.cpu.commitStats0.committedControl::IsControl",0,0,0,0,0,0,0,0
"system.cpu.commitStats0.committedControl::IsDirectControl",0,0,0,0,0,0,0,0
"system.cpu.commitStats0.committedControl::IsIndirectControl",0,0,0,0,0,0,0,0
"system.cpu.commitStats0.committedControl::IsReturn",0,0,0,0,0,0,0,0
"system.cpu.commitStats0.committedControl::IsUncondControl",0,0,0,0,0,0,0,0
"system.cpu.commitStats0.committedInstType::total",0,0,0,0,0,0,0,0
"system.cpu.commitStats0.cpi",0,0,0,0,0,0,0,0
"system.cpu.commitStats0.ipc",0,0,0,0,0,0,0,0
"system.cpu.commitStats0.numFpInsts",0,0,0,0,0,0,0,0
"system.cpu.commitStats0.numInsts",0,0,0,0,0,0,0,0
"system.cpu.commitStats0.numInstsNotNOP",0,0,0,0,0,0,0,0
"system.cpu.commitStats0.numIntInsts",0,0,0,0,0,0,0,0
"system.cpu.commitStats0.numLoadInsts",0,0,0,0,0,0,0,0
"system.cpu.commitStats0.numMemRefs",0,0,0,0,0,0,0,0
"system.cpu.commitStats0.numOps",0,0,0,0,0,0,0,0
"system.cpu.commitStats0.numOpsNotNOP",0,0,0,0,0,0,0,0
"system.cpu.commitStats0.numStoreInsts",0,0,0,0,0,0,0,0
"system.cpu.commitStats0.numVecInsts",0,0,0,0,0,0,0,0
"system.cpu.cpi",0.797177,0.800065,1.007751,1.008964,0.786125,0.78573,1.125391,1.126666
"system.cpu.dcache.LockedRMWReadReq.accesses::cpu.data",18,18,32786,32786,16,16,32786,32786
"system.cpu.dcache.LockedRMWReadReq.accesses::total",18,18,32786,32786,16,16,32786,32786
"system.cpu.dcache.LockedRMWReadReq.avgMissLatency::cpu.data",135333.333333,154333.333333,137666.666667,145666.666667,199000,203000,159666.666667,138666.666667
"system.cpu.dcache.LockedRMWReadReq.avgMissLatency::total",135333.333333,154333.333333,137666.666667,145666.666667,199000,203000,159666.666667,138666.666667
"system.cpu.dcache.LockedRMWReadReq.avgMshrMissLatency::cpu.data",319666.666667,357666.666667,104089666.666667,104105666.666667,544000,552000,104136000,104094000
"system.cpu.dcache.LockedRMWReadReq.avgMshrMissLatency::total",319666.666667,357666.666667,104089666.666667,104105666.666667,544000,552000,104136000,104094000
"system.cpu.dcache.LockedRMWReadReq.hits::cpu.data",15,15,32783,32783,15,15,32783,32783
"system.cpu.dcache.LockedRMWReadReq.hits::total",15,15,32783,32783,15,15,32783,32783
"system.cpu.dcache.LockedRMWReadReq.missLatency::cpu.data",406000,463000,413000,437000,199000,203000,479000,416000
"system.cpu.dcache.LockedRMWReadReq.missLatency::total",406000,463000,413000,437000,199000,203000,479000,416000
"system.cpu.dcache.LockedRMWReadReq.missRate::cpu.data",0.166667,0.166667,9.2e-05,9.2e-05,0.0625,0.0625,9.2e-05,9.2e-05
"system.cpu.dcache.LockedRMWReadReq.missRate::total",0.166667,0.166667,9.2e-05,9.2e-05,0.0625,0.0625,9.2e-05,9.2e-05
"system.cpu.dcache.LockedRMWReadReq.misses::cpu.data",3,3,3,3,1,1,3,3
"system.cpu.dcache.LockedRMWReadReq.misses::total",3,3,3,3,1,1,3,3
"system.cpu.dcache.LockedRMWReadReq.mshrMissLatency::cpu.data",959000,1073000,312269000,312317000,544000,552000,312408000,312282000
"system.cpu.dcache.LockedRMWReadReq.mshrMissLatency::total",959000,1073000,312269000,312317000,544000,552000,312408000,312282000
"system.cpu.dcache.LockedRMWReadReq.mshrMissRate::cpu.data",0.166667,0.166667,9.2e-05,9.2e-05,0.0625,0.0625,9.2e-05,9.2e-05
"system.cpu.dcache.LockedRMWReadReq.mshrMissRate::total",0.166667,0.166667,9.2e-05,9.2e-05,0.0625,0.0625,9.2e-05,9.2e-05
"system.cpu.dcache.LockedRMWReadReq.mshrMisses::cpu.data",3,3,3,3,1,1,3,3
"system.cpu.dcache.LockedRMWReadReq.mshrMisses::total",3,3,3,3,1,1,3,3
"system.cpu.dcache.LockedRMWWriteReq.accesses::cpu.data",18,18,32786,32786,16,16,32786,32786
"system.cpu.dcache.LockedRMWWriteReq.accesses::total",18,18,32786,32786,16,16,32786,32786
"system.cpu.dcache.LockedRMWWriteReq.hits::cpu.data",18,18,32786,32786,16,16,32786,32786
"system.cpu.dcache.LockedRMWWriteReq.hits::total",18,18,32786,32786,16,16,32786,32786
"system.cpu.dcache.ReadReq.accesses::cpu.data",40085191,40084968,6194408,6194006,13698697,13691587,2441662,2444972
"system.cpu.dcache.ReadReq.accesses::total",40085191,40084968,6194408,6194006,13698697,13691587,2441662,2444972
"system.cpu.dcache.ReadReq.avgMissLatency::cpu.data",22683.158254,24695.52642,28963.588877,31826.538521,183054.054054,184693.48659,23537.221691,24218.474511
"system.cpu.dcache.ReadReq.avgMissLatency::total",22683.158254,24695.52642,28963.588877,31826.538521,183054.054054,184693.48659,23537.221691,24218.474511
"system.cpu.dcache.ReadReq.avgMshrMissLatency::cpu.data",18171.027673,20178.632572,22264.018281,24504.577465,194926.470588,195802.919708,24872.345804,26821.744627
"system.cpu.dcache.ReadReq.avgMshrMissLatency::total",18171.027673,20178.632572,22264.018281,24504.577465,194926.470588,195802.919708,24872.345804,26821.744627
"system.cpu.dcache.ReadReq.hits::cpu.data",39938591,39938374,6187899,6187555,13698438,13691326,2434341,2437145
"system.cpu.dcache.ReadReq.hits::total",39938591,39938374,6187899,6187555,13698438,13691326,2434341,2437145
"system.cpu.dcache.ReadReq.missLatency::cpu.data",3325351000,3620216000,188524000,205313000,47411000,48205000,172316000,189558000
"system.cpu.dcache.ReadReq.missLatency::total",3325351000,3620216000,188524000,205313000,47411000,48205000,172316000,189558000
"system.cpu.dcache.ReadReq.missRate::cpu.data",0.003657,0.003657,0.001051,0.001041,1.9e-05,1.9e-05,0.002998,0.003201
"system.cpu.dcache.ReadReq.missRate::total",0.003657,0.003657,0.001051,0.001041,1.9e-05,1.9e-05,0.002998,0.003201
"system.cpu.dcache.ReadReq.misses::cpu.data",146600,146594,6509,6451,259,261,7321,7827
"system.cpu.dcache.ReadReq.misses::total",146600,146594,6509,6451,259,261,7321,7827
"system.cpu.dcache.ReadReq.mshrHits::cpu.data",571,568,820,771,123,124,3365,3872
"system.cpu.dcache.ReadReq.mshrHits::total",571,568,820,771,123,124,3365,3872
"system.cpu.dcache.ReadReq.mshrMissLatency::cpu.data",2653497000,2946605000,126660000,139186000,26510000,26825000,98395000,106080000
"system.cpu.dcache.ReadReq.mshrMissLatency::total",2653497000,2946605000,126660000,139186000,26510000,26825000,98395000,106080000
"system.cpu.dcache.ReadReq.mshrMissRate::cpu.data",0.003643,0.003643,0.000918,0.000917,1e-05,1e-05,0.00162,0.001618
"system.cpu.dcache.ReadReq.mshrMissRate::total",0.003643,0.003643,0.000918,0.000917,1e-05,1e-05,0.00162,0.001618
"system.cpu.dcache.ReadReq.mshrMisses::cpu.data",146029,146026,5689,5680,136,137,3956,3955
"system.cpu.dcache.ReadReq.mshrMisses::total",146029,146026,5689,5680,136,137,3956,3955
"system.cpu.dcache.WriteReq.accesses::cpu.data",4317820,4317820,2462834,2462834,1967088,1967088,1870952,1870952
"system.cpu.dcache.WriteReq.accesses::total",4317820,4317820,2462834,2462834,1967088,1967088,1870952,1870952
"system.cpu.dcache.WriteReq.avgMissLatency::cpu.data",173753.0008,177887.376568,85730.888689,88563.123956,189771.812081,195818.791946,188255.127153,193203.445447
"system.cpu.dcache.WriteReq.avgMissLatency::total",173753.0008,177887.376568,85730.888689,88563.123956,189771.812081,195818.791946,188255.127153,193203.445447
"system.cpu.dcache.WriteReq.avgMshrMissLatency::cpu.data",169750.800427,173885.210892,81727.689373,84559.868632,185771.812081,191818.791946,184304.847987,189248.768473
"system.cpu.dcache.WriteReq.avgMshrMissLatency::total",169750.800427,173885.210892,81727.689373,84559.868632,185771.812081,191818.791946,184304.847987,189248.768473
"system.cpu.dcache.WriteReq.hits::cpu.data",4314071,4314073,2456725,2456727,1966939,1966939,1869733,1869733
"system.cpu.dcache.WriteReq.hits::total",4314071,4314073,2456725,2456727,1966939,1966939,1869733,1869733
"system.cpu.dcache.WriteReq.missLatency::cpu.data",651400000,666544000,523729999,540854998,28276000,29177000,229483000,235515000
"system.cpu.dcache.WriteReq.missLatency::total",651400000,666544000,523729999,540854998,28276000,29177000,229483000,235515000
"system.cpu.dcache.WriteReq.missRate::cpu.data",0.000868,0.000868,0.00248,0.00248,7.6e-05,7.6e-05,0.000652,0.000652
"system.cpu.dcache.WriteReq.missRate::total",0.000868,0.000868,0.00248,0.00248,7.6e-05,7.6e-05,0.000652,0.000652
"system.cpu.dcache.WriteReq.misses::cpu.data",3749,3747,6109,6107,149,149,1219,1219
"system.cpu.dcache.WriteReq.misses::total",3749,3747,6109,6107,149,149,1219,1219
"system.cpu.dcache.WriteReq.mshrHits::cpu.data",1,1,2,2,NA,NA,2,1
"system.cpu.dcache.WriteReq.mshrHits::total",1,1,2,2,NA,NA,2,1
"system.cpu.dcache.WriteReq.mshrMissLatency::cpu.data",636226000,651374000,499110999,516237998,27680000,28581000,224299000,230505000
"system.cpu.dcache.WriteReq.mshrMissLatency::total",636226000,651374000,499110999,516237998,27680000,28581000,224299000,230505000
"system.cpu.dcache.WriteReq.mshrMissRate::cpu.data",0.000868,0.000868,0.00248,0.002479,7.6e-05,7.6e-05,0.00065,0.000651
"system.cpu.dcache.WriteReq.mshrMissRate::total",0.000868,0.000868,0.00248,0.002479,7.6e-05,7.6e-05,0.00065,0.000651
"system.cpu.dcache.WriteReq.mshrMisses::cpu.data",3748,3746,6107,6105,149,149,1217,1218
"system.cpu.dcache.WriteReq.mshrMisses::total",3748,3746,6107,6105,149,149,1217,1218
"system.cpu.dcache.avgBlocked::no_mshrs",58.625,53.777778,17.809524,18.130435,55,56.142857,54,55.333333
"system.cpu.dcache.blockedCauses::no_mshrs",8,9,42,46,7,7,9,9
"system.cpu.dcache.blockedCauses::no_targets",0,0,0,0,0,0,0,0
"system.cpu.dcache.blockedCycles::no_mshrs",469,484,748,834,385,393,486,498
"system.cpu.dcache.blockedCycles::no_targets",0,0,0,0,0,0,0,0
"system.cpu.dcache.demandAccesses::cpu.data",44403011,44402788,8657242,8656840,15665785,15658675,4312614,4315924
"system.cpu.dcache.demandAccesses::total",44403011,44402788,8657242,8656840,15665785,15658675,4312614,4315924
"system.cpu.dcache.demandAvgMissLatency::cpu.data",26450.132691,28513.57913,56447.455936,59417.741519,185507.352941,188736.585366,47049.063232,46990.161397
"system.cpu.dcache.demandAvgMissLatency::total",26450.132691,28513.57913,56447.455936,59417.741519,185507.352941,188736.585366,47049.063232,46990.161397
"system.cpu.dcache.demandAvgMshrMissLatency::cpu.data",21964.140021,24023.04169,53049.423449,55615.103776,190140.350877,193727.272727,62380.436884,65065.725884
"system.cpu.dcache.demandAvgMshrMissLatency::total",21964.140021,24023.04169,53049.423449,55615.103776,190140.350877,193727.272727,62380.436884,65065.725884
"system.cpu.dcache.demandHits::cpu.data",44252662,44252447,8644624,8644282,15665377,15658265,4304074,4306878
"system.cpu.dcache.demandHits::total",44252662,44252447,8644624,8644282,15665377,15658265,4304074,4306878
"system.cpu.dcache.demandMissLatency::cpu.data",3976751000,4286760000,712253999,746167998,75687000,77382000,401799000,425073000
"system.cpu.dcache.demandMissLatency::total",3976751000,4286760000,712253999,746167998,75687000,77382000,401799000,425073000
"system.cpu.dcache.demandMissRate::cpu.data",0.003386,0.003386,0.001458,0.001451,2.6e-05,2.6e-05,0.00198,0.002096
"system.cpu.dcache.demandMissRate::total",0.003386,0.003386,0.001458,0.001451,2.6e-05,2.6e-05,0.00198,0.002096
"system.cpu.dcache.demandMisses::cpu.data",150349,150341,12618,12558,408,410,8540,9046
"system.cpu.dcache.demandMisses::total",150349,150341,12618,12558,408,410,8540,9046
"system.cpu.dcache.demandMshrHits::cpu.data",572,569,822,773,123,124,3367,3873
"system.cpu.dcache.demandMshrHits::total",572,569,822,773,123,124,3367,3873
"system.cpu.dcache.demandMshrMissLatency::cpu.data",3289723000,3597979000,625770999,655423998,54190000,55406000,322694000,336585000
"system.cpu.dcache.demandMshrMissLatency::total",3289723000,3597979000,625770999,655423998,54190000,55406000,322694000,336585000
"system.cpu.dcache.demandMshrMissRate::cpu.data",0.003373,0.003373,0.001363,0.001361,1.8e-05,1.8e-05,0.0012,0.001199
"system.cpu.dcache.demandMshrMissRate::total",0.003373,0.003373,0.001363,0.001361,1.8e-05,1.8e-05,0.0012,0.001199
"system.cpu.dcache.demandMshrMisses::cpu.data",149777,149772,11796,11785,285,286,5173,5173
"system.cpu.dcache.demandMshrMisses::total",149777,149772,11796,11785,285,286,5173,5173
"system.cpu.dcache.overallAccesses::cpu.data",44403011,44402788,8657242,8656840,15665785,15658675,4312614,4315924
"system.cpu.dcache.overallAccesses::total",44403011,44402788,8657242,8656840,15665785,15658675,4312614,4315924
"system.cpu.dcache.overallAvgMissLatency::cpu.data",26450.132691,28513.57913,56447.455936,59417.741519,185507.352941,188736.585366,47049.063232,46990.161397
"system.cpu.dcache.overallAvgMissLatency::total",26450.132691,28513.57913,56447.455936,59417.741519,185507.352941,188736.585366,47049.063232,46990.161397
"system.cpu.dcache.overallAvgMshrMissLatency::cpu.data",21964.140021,24023.04169,53049.423449,55615.103776,190140.350877,193727.272727,62380.436884,65065.725884
"system.cpu.dcache.overallAvgMshrMissLatency::total",21964.140021,24023.04169,53049.423449,55615.103776,190140.350877,193727.272727,62380.436884,65065.725884
"system.cpu.dcache.overallHits::cpu.data",44252662,44252447,8644624,8644282,15665377,15658265,4304074,4306878
"system.cpu.dcache.overallHits::total",44252662,44252447,8644624,8644282,15665377,15658265,4304074,4306878
"system.cpu.dcache.overallMissLatency::cpu.data",3976751000,4286760000,712253999,746167998,75687000,77382000,401799000,425073000
"system.cpu.dcache.overallMissLatency::total",3976751000,4286760000,712253999,746167998,75687000,77382000,401799000,425073000
"system.cpu.dcache.overallMissRate::cpu.data",0.003386,0.003386,0.001458,0.001451,2.6e-05,2.6e-05,0.00198,0.002096
"system.cpu.dcache.overallMissRate::total",0.003386,0.003386,0.001458,0.001451,2.6e-05,2.6e-05,0.00198,0.002096
"system.cpu.dcache.overallMisses::cpu.data",150349,150341,12618,12558,408,410,8540,9046
"system.cpu.dcache.overallMisses::total",150349,150341,12618,12558,408,410,8540,9046
"system.cpu.dcache.overallMshrHits::cpu.data",572,569,822,773,123,124,3367,3873
"system.cpu.dcache.overallMshrHits::total",572,569,822,773,123,124,3367,3873
"system.cpu.dcache.overallMshrMissLatency::cpu.data",3289723000,3597979000,625770999,655423998,54190000,55406000,322694000,336585000
"system.cpu.dcache.overallMshrMissLatency::total",3289723000,3597979000,625770999,655423998,54190000,55406000,322694000,336585000
"system.cpu.dcache.overallMshrMissRate::cpu.data",0.003373,0.003373,0.001363,0.001361,1.8e-05,1.8e-05,0.0012,0.001199
"system.cpu.dcache.overallMshrMissRate::total",0.003373,0.003373,0.001363,0.001361,1.8e-05,1.8e-05,0.0012,0.001199
"system.cpu.dcache.overallMshrMisses::cpu.data",149777,149772,11796,11785,285,286,5173,5173
"system.cpu.dcache.overallMshrMisses::total",149777,149772,11796,11785,285,286,5173,5173
"system.cpu.dcache.power_state.pwrStateResidencyTicks::UNDEFINED",84375490000,84681155000,18986984000,19009839000,28143244000,28129101000,11143913000,11156538000
"system.cpu.dcache.replacements",149265,149262,11287,11276,0,0,4664,4664
"system.cpu.dcache.tags.ageTaskId_1024::0",1024,1024,1024,1024,1024,1024,1024,1024
"system.cpu.dcache.tags.ageTaskId_1024::1",1024,1024,1024,1024,1024,1024,1024,1024
"system.cpu.dcache.tags.ageTaskId_1024::2",1024,1024,1024,1024,NA,NA,1024,1024
"system.cpu.dcache.tags.ageTaskId_1024::3",1024,1024,1024,1024,NA,NA,1024,1024
"system.cpu.dcache.tags.ageTaskId_1024::4",1024,1024,NA,NA,1024,1024,NA,NA
"system.cpu.dcache.tags.avgOccs::cpu.data",0.998895,0.998869,0.986111,0.986025,0.460339,0.460326,0.976124,0.976005
"system.cpu.dcache.tags.avgOccs::total",0.998895,0.998869,0.986111,0.986025,0.460339,0.460326,0.976124,0.976005
"system.cpu.dcache.tags.avgRefs",296.457226,296.461696,739.21451,739.874364,54775.153846,54559.522648,845.212326,845.754057
"system.cpu.dcache.tags.dataAccesses",355374153,355372366,69794311,69791084,125326822,125269943,35030664,35057144
"system.cpu.dcache.tags.occupancies::cpu.data",511.434032,511.421107,504.888665,504.844914,235.693331,235.686953,499.775541,499.714809
"system.cpu.dcache.tags.occupanciesTaskId::1024",1024,1024,1024,1024,1024,1024,1024,1024
"system.cpu.dcache.tags.power_state.pwrStateResidencyTicks::UNDEFINED",84375490000,84681155000,18986984000,19009839000,28143244000,28129101000,11143913000,11156538000
"system.cpu.dcache.tags.ratioOccsTaskId::1024",1024,1024,1024,1024,1024,1024,1024,1024
"system.cpu.dcache.tags.sampledRefs",149777,149774,11799,11788,286,287,5176,5176
"system.cpu.dcache.tags.tagAccesses",355374153,355372366,69794311,69791084,125326822,125269943,35030664,35057144
"system.cpu.dcache.tags.tagsInUse",511.434032,511.421107,504.888665,504.844914,235.693331,235.686953,499.775541,499.714809
"system.cpu.dcache.tags.totalRefs",44402474,44402254,8721992,8721639,15665694,15658583,4374819,4377623
"system.cpu.dcache.tags.warmupTick",4e+05,408000,4e+05,408000,4e+05,408000,4e+05,408000
"system.cpu.dcache.writebacks::total",149157,149156,11200,11189,NA,NA,4578,4578
"system.cpu.dcache.writebacks::writebacks",149157,149156,11200,11189,NA,NA,4578,4578
"system.cpu.decode.blockedCycles",63647396,63925016,6191282,6211371,1603981,1600446,3212280,3228198
"system.cpu.decode.branchMispred",371,373,388,388,342,344,397,396
"system.cpu.decode.branchResolved",2165473,2165469,1635481,1636288,3025186,3023227,901741,902382
"system.cpu.decode.decodedInsts",123219380,123219206,41956979,41973543,73992348,73957641,20896399,20893458
"system.cpu.decode.idleCycles",5225815,5251086,6304358,6300930,14517998,14510743,4510454,4503692
"system.cpu.decode.runCycles",1897870,1846366,5384984,5378214,11572570,11567107,2752870,2754272
"system.cpu.decode.squashCycles",1843,1834,132819,132976,321053,320701,115265,115616
"system.cpu.decode.squashedInsts",1935,1927,1878,1879,1728,1729,1967,1962
"system.cpu.decode.unblockCycles",13524852,13576471,894907,904809,52112,52124,471421,469785
"system.cpu.executeStats0.instRate",0,0,0,0,0,0,0,0
"system.cpu.executeStats0.numBranches",0,0,0,0,0,0,0,0
"system.cpu.executeStats0.numCCRegReads",0,0,0,0,0,0,0,0
"system.cpu.executeStats0.numCCRegWrites",0,0,0,0,0,0,0,0
"system.cpu.executeStats0.numDiscardedOps",0,0,0,0,0,0,0,0
"system.cpu.executeStats0.numFpRegReads",0,0,0,0,0,0,0,0
"system.cpu.executeStats0.numFpRegWrites",0,0,0,0,0,0,0,0
"system.cpu.executeStats0.numInsts",0,0,0,0,0,0,0,0
"system.cpu.executeStats0.numIntRegReads",0,0,0,0,0,0,0,0
"system.cpu.executeStats0.numIntRegWrites",0,0,0,0,0,0,0,0
"system.cpu.executeStats0.numLoadInsts",0,0,0,0,0,0,0,0
"system.cpu.executeStats0.numMemRefs",0,0,0,0,0,0,0,0
"system.cpu.executeStats0.numMiscRegReads",0,0,0,0,0,0,0,0
"system.cpu.executeStats0.numNop",0,0,0,0,0,0,0,0
"system.cpu.executeStats0.numStoreInsts",0,0,0,0,0,0,0,0
"system.cpu.executeStats0.numVecAluAccesses",0,0,0,0,0,0,0,0
"system.cpu.fetch.cacheLines",6425931,6425950,3155301,3156381,5013545,5010207,1930670,1930388
"system.cpu.fetch.cycles",64988444,65290753,9300920,9316516,12820830,12814441,5185285,5199540
"system.cpu.fetch.icacheSquashes",848,850,71424,71572,184079,183708,69489,71597
"system.cpu.fetch.icacheWaitRetryStallCycles",NA,NA,13,13,NA,NA,NA,NA
"system.cpu.fetch.miscStallCycles",65,67,95,98,61,63,68,69
"system.cpu.fetch.nisnDist::max_value",8,8,8,8,8,8,8,8
"system.cpu.fetch.nisnDist::mean",1.462202,1.456959,2.344248,2.342626,2.666431,2.666828,1.964898,1.962053
"system.cpu.fetch.nisnDist::min_value",0,0,0,0,0,0,0,0
"system.cpu.fetch.nisnDist::samples",84297776,84600773,18908350,18928300,28067714,28051121,11062290,11071563
"system.cpu.fetch.nisnDist::stdev",2.829116,2.825421,3.385795,3.385312,3.418977,3.419145,3.149094,3.147465
"system.cpu.fetch.nisnDist::total",84297776,84600773,18908350,18928300,28067714,28051121,11062290,11071563
"system.cpu.fetch.pendingTrapStallCycles",345,362,487,513,317,321,345,353
"system.cpu.fetch.predictedBranches",2168514,2168504,1975935,1976723,3117093,3114930,1287587,1287867
"system.cpu.fetch.squashCycles",4420,4402,266398,266712,642782,642080,231316,232018
"system.cpu.fetchStats0.branchRate",0,0,0,0,0,0,0,0
"system.cpu.fetchStats0.fetchRate",0,0,0,0,0,0,0,0
"system.cpu.fetchStats0.icacheStallCycles",0,0,0,0,0,0,0,0
"system.cpu.fetchStats0.numBranches",0,0,0,0,0,0,0,0
"system.cpu.fetchStats0.numFetchSuspends",0,0,0,0,0,0,0,0
"system.cpu.fetchStats0.numInsts",0,0,0,0,0,0,0,0
"system.cpu.fetchStats0.numOps",0,0,0,0,0,0,0,0
"system.cpu.fpAluAccesses",644,643,655,665,663,660,625,625
"system.cpu.fpInstQueueReads",1261,1260,1283,1306,1300,1293,1227,1227
"system.cpu.fpInstQueueWakeupAccesses",597,597,602,604,611,600,570,570
"system.cpu.fpInstQueueWrites",745,745,777,805,789,797,749,749
"system.cpu.fuBusy",4203170,4203252,386340,383763,332577,332929,137847,129498
"system.cpu.fuBusyRate",0.034128,0.034129,0.010866,0.010791,0.004944,0.004951,0.007402,0.006953
"system.cpu.icache.ReadReq.accesses::cpu.inst",6425931,6425950,3155301,3156381,5013545,5010207,1930670,1930388
"system.cpu.icache.ReadReq.accesses::total",6425931,6425950,3155301,3156381,5013545,5010207,1930670,1930388
"system.cpu.icache.ReadReq.avgMissLatency::cpu.inst",184705.823293,191350.453172,182987.341772,188825.024438,185191.239316,191309.82906,185428.571429,191640.342531
"system.cpu.icache.ReadReq.avgMissLatency::total",184705.823293,191350.453172,182987.341772,188825.024438,185191.239316,191309.82906,185428.571429,191640.342531
"system.cpu.icache.ReadReq.avgMshrMissLatency::cpu.inst",188333.333333,194704.545455,187297.297297,192879.60688,187699.604743,193285.902503,188948.564593,192529.904306
"system.cpu.icache.ReadReq.avgMshrMissLatency::total",188333.333333,194704.545455,187297.297297,192879.60688,187699.604743,193285.902503,188948.564593,192529.904306
"system.cpu.icache.ReadReq.hits::cpu.inst",6424935,6424957,3154274,3155358,5012609,5009271,1929620,1929337
"system.cpu.icache.ReadReq.hits::total",6424935,6424957,3154274,3155358,5012609,5009271,1929620,1929337
"system.cpu.icache.ReadReq.missLatency::cpu.inst",183967000,190011000,187928000,193168000,173339000,179066000,194700000,201414000
"system.cpu.icache.ReadReq.missLatency::total",183967000,190011000,187928000,193168000,173339000,179066000,194700000,201414000
"system.cpu.icache.ReadReq.missRate::cpu.inst",0.000155,0.000155,0.000325,0.000324,0.000187,0.000187,0.000544,0.000544
"system.cpu.icache.ReadReq.missRate::total",0.000155,0.000155,0.000325,0.000324,0.000187,0.000187,0.000544,0.000544
"system.cpu.icache.ReadReq.misses::cpu.inst",996,993,1027,1023,936,936,1050,1051
"system.cpu.icache.ReadReq.misses::total",996,993,1027,1023,936,936,1050,1051
"system.cpu.icache.ReadReq.mshrHits::cpu.inst",204,201,213,209,177,177,214,215
"system.cpu.icache.ReadReq.mshrHits::total",204,201,213,209,177,177,214,215
"system.cpu.icache.ReadReq.mshrMissLatency::cpu.inst",149160000,154206000,152460000,157004000,142464000,146704000,157961000,160955000
"system.cpu.icache.ReadReq.mshrMissLatency::total",149160000,154206000,152460000,157004000,142464000,146704000,157961000,160955000
"system.cpu.icache.ReadReq.mshrMissRate::cpu.inst",0.000123,0.000123,0.000258,0.000258,0.000151,0.000151,0.000433,0.000433
"system.cpu.icache.ReadReq.mshrMissRate::total",0.000123,0.000123,0.000258,0.000258,0.000151,0.000151,0.000433,0.000433
"system.cpu.icache.ReadReq.mshrMisses::cpu.inst",792,792,814,814,759,759,836,836
"system.cpu.icache.ReadReq.mshrMisses::total",792,792,814,814,759,759,836,836
"system.cpu.icache.avgBlocked::no_mshrs",16,NA,150,154,134,156.75,145.5,148
"system.cpu.icache.blockedCauses::no_mshrs",1,0,1,1,3,4,2,2
"system.cpu.icache.blockedCauses::no_targets",0,0,0,0,0,0,0,0
"system.cpu.icache.blockedCycles::no_mshrs",16,0,150,154,402,627,291,296
"system.cpu.icache.blockedCycles::no_targets",0,0,0,0,0,0,0,0
"system.cpu.icache.demandAccesses::cpu.inst",6425931,6425950,3155301,3156381,5013545,5010207,1930670,1930388
"system.cpu.icache.demandAccesses::total",6425931,6425950,3155301,3156381,5013545,5010207,1930670,1930388
"system.cpu.icache.demandAvgMissLatency::cpu.inst",184705.823293,191350.453172,182987.341772,188825.024438,185191.239316,191309.82906,185428.571429,191640.342531
"system.cpu.icache.demandAvgMissLatency::total",184705.823293,191350.453172,182987.341772,188825.024438,185191.239316,191309.82906,185428.571429,191640.342531
"system.cpu.icache.demandAvgMshrMissLatency::cpu.inst",188333.333333,194704.545455,187297.297297,192879.60688,187699.604743,193285.902503,188948.564593,192529.904306
"system.cpu.icache.demandAvgMshrMissLatency::total",188333.333333,194704.545455,187297.297297,192879.60688,187699.604743,193285.902503,188948.564593,192529.904306
"system.cpu.icache.demandHits::cpu.inst",6424935,6424957,3154274,3155358,5012609,5009271,1929620,1929337
"system.cpu.icache.demandHits::total",6424935,6424957,3154274,3155358,5012609,5009271,1929620,1929337
"system.cpu.icache.demandMissLatency::cpu.inst",183967000,190011000,187928000,193168000,173339000,179066000,194700000,201414000
"system.cpu.icache.demandMissLatency::total",183967000,190011000,187928000,193168000,173339000,179066000,194700000,201414000
"system.cpu.icache.demandMissRate::cpu.inst",0.000155,0.000155,0.000325,0.000324,0.000187,0.000187,0.000544,0.000544
"system.cpu.icache.demandMissRate::total",0.000155,0.000155,0.000325,0.000324,0.000187,0.000187,0.000544,0.000544
"system.cpu.icache.demandMisses::cpu.inst",996,993,1027,1023,936,936,1050,1051
"system.cpu.icache.demandMisses::total",996,993,1027,1023,936,936,1050,1051
"system.cpu.icache.demandMshrHits::cpu.inst",204,201,213,209,177,177,214,215
"system.cpu.icache.demandMshrHits::total",204,201,213,209,177,177,214,215
"system.cpu.icache.demandMshrMissLatency::cpu.inst",149160000,154206000,152460000,157004000,142464000,146704000,157961000,160955000
"system.cpu.icache.demandMshrMissLatency::total",149160000,154206000,152460000,157004000,142464000,146704000,157961000,160955000
"system.cpu.icache.demandMshrMissRate::cpu.inst",0.000123,0.000123,0.000258,0.000258,0.000151,0.000151,0.000433,0.000433
"system.cpu.icache.demandMshrMissRate::total",0.000123,0.000123,0.000258,0.000258,0.000151,0.000151,0.000433,0.000433
"system.cpu.icache.demandMshrMisses::cpu.inst",792,792,814,814,759,759,836,836
"system.cpu.icache.demandMshrMisses::total",792,792,814,814,759,759,836,836
"system.cpu.icache.overallAccesses::cpu.inst",6425931,6425950,3155301,3156381,5013545,5010207,1930670,1930388
"system.cpu.icache.overallAccesses::total",6425931,6425950,3155301,3156381,5013545,5010207,1930670,1930388
"system.cpu.icache.overallAvgMissLatency::cpu.inst",184705.823293,191350.453172,182987.341772,188825.024438,185191.239316,191309.82906,185428.571429,191640.342531
"system.cpu.icache.overallAvgMissLatency::total",184705.823293,191350.453172,182987.341772,188825.024438,185191.239316,191309.82906,185428.571429,191640.342531
"system.cpu.icache.overallAvgMshrMissLatency::cpu.inst",188333.333333,194704.545455,187297.297297,192879.60688,187699.604743,193285.902503,188948.564593,192529.904306
"system.cpu.icache.overallAvgMshrMissLatency::total",188333.333333,194704.545455,187297.297297,192879.60688,187699.604743,193285.902503,188948.564593,192529.904306
"system.cpu.icache.overallHits::cpu.inst",6424935,6424957,3154274,3155358,5012609,5009271,1929620,1929337
"system.cpu.icache.overallHits::total",6424935,6424957,3154274,3155358,5012609,5009271,1929620,1929337
"system.cpu.icache.overallMissLatency::cpu.inst",183967000,190011000,187928000,193168000,173339000,179066000,194700000,201414000
"system.cpu.icache.overallMissLatency::total",183967000,190011000,187928000,193168000,173339000,179066000,194700000,201414000
"system.cpu.icache.overallMissRate::cpu.inst",0.000155,0.000155,0.000325,0.000324,0.000187,0.000187,0.000544,0.000544
"system.cpu.icache.overallMissRate::total",0.000155,0.000155,0.000325,0.000324,0.000187,0.000187,0.000544,0.000544
"system.cpu.icache.overallMisses::cpu.inst",996,993,1027,1023,936,936,1050,1051
"system.cpu.icache.overallMisses::total",996,993,1027,1023,936,936,1050,1051
"system.cpu.icache.overallMshrHits::cpu.inst",204,201,213,209,177,177,214,215
"system.cpu.icache.overallMshrHits::total",204,201,213,209,177,177,214,215
"system.cpu.icache.overallMshrMissLatency::cpu.inst",149160000,154206000,152460000,157004000,142464000,146704000,157961000,160955000
"system.cpu.icache.overallMshrMissLatency::total",149160000,154206000,152460000,157004000,142464000,146704000,157961000,160955000
"system.cpu.icache.overallMshrMissRate::cpu.inst",0.000123,0.000123,0.000258,0.000258,0.000151,0.000151,0.000433,0.000433
"system.cpu.icache.overallMshrMissRate::total",0.000123,0.000123,0.000258,0.000258,0.000151,0.000151,0.000433,0.000433
"system.cpu.icache.overallMshrMisses::cpu.inst",792,792,814,814,759,759,836,836
"system.cpu.icache.overallMshrMisses::total",792,792,814,814,759,759,836,836
"system.cpu.icache.power_state.pwrStateResidencyTicks::UNDEFINED",84375490000,84681155000,18986984000,19009839000,28143244000,28129101000,11143913000,11156538000
"system.cpu.icache.replacements",286,286,303,303,247,247,328,328
"system.cpu.icache.tags.ageTaskId_1024::0",1024,1024,1024,1024,1024,1024,1024,1024
"system.cpu.icache.tags.ageTaskId_1024::1",1024,1024,1024,1024,1024,1024,1024,1024
"system.cpu.icache.tags.ageTaskId_1024::2",1024,1024,NA,NA,NA,NA,NA,NA
"system.cpu.icache.tags.ageTaskId_1024::3",NA,NA,NA,NA,NA,NA,1024,1024
"system.cpu.icache.tags.ageTaskId_1024::4",1024,1024,1024,1024,1024,1024,1024,1024
"system.cpu.icache.tags.avgOccs::cpu.inst",0.878395,0.878385,0.904428,0.90438,0.860112,0.860087,0.879818,0.879774
"system.cpu.icache.tags.avgOccs::total",0.878395,0.878385,0.904428,0.90438,0.860112,0.860087,0.879818,0.879774
"system.cpu.icache.tags.avgRefs",8113.291667,8113.319444,3876.029484,3877.361179,6605.227931,6600.83004,2309.157895,2308.819378
"system.cpu.icache.tags.dataAccesses",51408240,51408392,25243222,25251862,40109119,40082415,15446196,15443940
"system.cpu.icache.tags.occupancies::cpu.inst",449.738475,449.733158,463.066893,463.042694,440.377164,440.364552,450.466732,450.444272
"system.cpu.icache.tags.occupanciesTaskId::1024",1024,1024,1024,1024,1024,1024,1024,1024
"system.cpu.icache.tags.power_state.pwrStateResidencyTicks::UNDEFINED",84375490000,84681155000,18986984000,19009839000,28143244000,28129101000,11143913000,11156538000
"system.cpu.icache.tags.ratioOccsTaskId::1024",1024,1024,1024,1024,1024,1024,1024,1024
"system.cpu.icache.tags.sampledRefs",792,792,814,814,759,759,836,836
"system.cpu.icache.tags.tagAccesses",51408240,51408392,25243222,25251862,40109119,40082415,15446196,15443940
"system.cpu.icache.tags.tagsInUse",449.738475,449.733158,463.066893,463.042694,440.377164,440.364552,450.466732,450.444272
"system.cpu.icache.tags.totalRefs",6425727,6425749,3155088,3156172,5013368,5010030,1930456,1930173
"system.cpu.icache.tags.warmupTick",195000,199000,195000,199000,195000,199000,195000,199000
"system.cpu.idleCycles",77715,80383,78635,81540,75531,77981,81624,84976
"system.cpu.iew.blockCycles",931254,1001558,1730367,1732456,1598593,1594531,1047483,1052393
"system.cpu.iew.branchMispredicts",1562,1556,115877,116033,326037,325580,98865,99214
"system.cpu.iew.consumerInst",154807493,154779154,35379626,35361823,76248515,76228064,17132195,17124255
"system.cpu.iew.dispLoadInsts",46599182,46599052,11138953,11142560,22214021,22203330,5852181,5851188
"system.cpu.iew.dispNonSpecInsts",31,31,50290,50286,29,30,57356,57349
"system.cpu.iew.dispSquashedInsts",231,199,936,889,643,547,397,417
"system.cpu.iew.dispStoreInsts",4322476,4322491,3290276,3289764,2470533,2469564,2468865,2468371
"system.cpu.iew.dispatchedInsts",123207956,123207769,40268027,40276314,71165205,71133420,20255129,20251512
"system.cpu.iew.idleCycles",0,0,0,0,0,0,0,0
"system.cpu.iew.instsToCommit",123155625,123155680,35244302,35252829,66123415,66104835,18362078,18362470
"system.cpu.iew.iqFullEvents",189917,293846,2765,2684,27,24,31340,31331
"system.cpu.iew.lsqFullEvents",121660,124635,217822,217244,2710,2770,3415,3367
"system.cpu.iew.memOrderViolationEvents",327,324,17311,17307,223,221,16823,16816
"system.cpu.iew.predictedNotTakenIncorrect",1056,1054,59652,59871,162736,162797,49437,49490
"system.cpu.iew.predictedTakenIncorrect",506,502,56225,56162,163301,162783,49428,49724
"system.cpu.iew.producerInst",112545302,112517089,27705633,27694101,56813317,56796781,13042819,13044453
"system.cpu.iew.squashCycles",1843,1834,132819,132976,321053,320701,115265,115616
"system.cpu.iew.unblockCycles",337975,419544,251802,251258,2742,2802,67465,67402
"system.cpu.iew.wbFanout",0.727002,0.726952,0.783096,0.783164,0.745107,0.74509,0.761305,0.761753
"system.cpu.iew.wbRate",1.459596,1.454328,1.85412,1.852327,2.344231,2.344751,1.644887,1.64323
"system.cpu.iew.writebackCount",123154143,123154205,35204151,35212436,65974255,65955750,18330481,18332759
"system.cpu.instsAdded",123207867,123207680,40116078,40124384,71165122,71133335,20081849,20078250
"system.cpu.instsIssued",123158229,123158269,35555641,35563501,67270337,67247313,18623944,18624671
"system.cpu.intAluAccesses",127359062,127359178,35773237,35778460,67601806,67579139,18661169,18653546
"system.cpu.intInstQueueReads",334816194,335119361,90405159,90438198,162952493,162890105,48447068,48449235
"system.cpu.intInstQueueWakeupAccesses",123153546,123153608,35203549,35211832,65973644,65955150,18329911,18332189
"system.cpu.intInstQueueWrites",123302298,123301922,50619002,50635543,85020543,84956965,24801838,24794610
"system.cpu.interrupts.clk_domain.clock",16000,16000,16000,16000,16000,16000,16000,16000
"system.cpu.ipc",1.254427,1.249899,0.992309,0.991116,1.272063,1.272702,0.88858,0.887575
"system.cpu.issueRate",1.459645,1.454376,1.872632,1.870794,2.390284,2.390667,1.671221,1.669395
"system.cpu.lsq0.blockedByCache",0,0,0,0,0,0,0,0
"system.cpu.lsq0.forwLoads",0,0,0,0,0,0,0,0
"system.cpu.lsq0.ignoredResponses",0,0,0,0,0,0,0,0
"system.cpu.lsq0.loadToUse::max_value",0,0,0,0,0,0,0,0
"system.cpu.lsq0.loadToUse::mean",0,0,0,0,0,0,0,0
"system.cpu.lsq0.loadToUse::min_value",0,0,0,0,0,0,0,0
"system.cpu.lsq0.loadToUse::samples",0,0,0,0,0,0,0,0
"system.cpu.lsq0.loadToUse::stdev",0,0,0,0,0,0,0,0
"system.cpu.lsq0.loadToUse::total",0,0,0,0,0,0,0,0
"system.cpu.lsq0.memOrderViolation",0,0,0,0,0,0,0,0
"system.cpu.lsq0.rescheduledLoads",0,0,0,0,0,0,0,0
"system.cpu.lsq0.squashedLoads",0,0,0,0,0,0,0,0
"system.cpu.lsq0.squashedStores",0,0,0,0,0,0,0,0
"system.cpu.mmu.dtb.rdAccesses",46584635,46584571,9652416,9655206,21402343,21395796,5272454,5274624
"system.cpu.mmu.dtb.rdMisses",157,154,123,171,89,89,102,102
"system.cpu.mmu.dtb.walker.power_state.pwrStateResidencyTicks::UNDEFINED",84375490000,84681155000,18986984000,19009839000,28143244000,28129101000,11143913000,11156538000
"system.cpu.mmu.dtb.wrAccesses",4319672,4319701,2738530,2738756,2357331,2356713,2142418,2142212
"system.cpu.mmu.dtb.wrMisses",121,119,103,105,17,17,55,54
"system.cpu.mmu.itb.rdAccesses",0,0,0,0,0,0,0,0
"system.cpu.mmu.itb.rdMisses",0,0,0,0,0,0,0,0
"system.cpu.mmu.itb.walker.power_state.pwrStateResidencyTicks::UNDEFINED",84375490000,84681155000,18986984000,19009839000,28143244000,28129101000,11143913000,11156538000
"system.cpu.mmu.itb.wrAccesses",6425996,6426017,3155395,3156478,5013606,5010270,1930738,1930457
"system.cpu.mmu.itb.wrMisses",125,126,175,178,119,121,131,132
"system.cpu.nonSpecInstsAdded",89,89,151949,151930,83,85,173280,173262
"system.cpu.numCycles",84375491,84681156,18986985,19009840,28143245,28129102,11143914,11156539
"system.cpu.numIssuedDist::max_value",8,8,8,8,8,8,8,8
"system.cpu.numIssuedDist::mean",1.46099,1.455758,1.88042,1.878853,2.396716,2.397313,1.683552,1.682208
"system.cpu.numIssuedDist::min_value",0,0,0,0,0,0,0,0
"system.cpu.numIssuedDist::samples",84297776,84600773,18908350,18928300,28067714,28051121,11062290,11071563
"system.cpu.numIssuedDist::stdev",1.51865,1.517173,1.808306,1.80903,2.021875,2.021339,1.71111,1.709751
"system.cpu.numIssuedDist::total",84297776,84600773,18908350,18928300,28067714,28051121,11062290,11071563
"system.cpu.numSquashedInsts",921,915,131377,131608,575480,572092,194297,195006
"system.cpu.numSwp",0,0,0,0,0,0,0,0
"system.cpu.numWorkItemsCompleted",0,0,0,0,0,0,0,0
"system.cpu.numWorkItemsStarted",0,0,0,0,0,0,0,0
"system.cpu.power_state.pwrStateResidencyTicks::ON",84375490000,84681155000,18986984000,19009839000,28143244000,28129101000,11143913000,11156538000
"system.cpu.rename.IQFullEvents",16551485,16443515,1245578,1248484,184,153,388083,388177
"system.cpu.rename.LQFullEvents",39593785,39590228,3002180,3010957,463,471,2838,4174
"system.cpu.rename.ROBFullEvents",36,29,16,17,12,18,12,12
"system.cpu.rename.SQFullEvents",663585,679157,505257,515962,8917,9273,1411233,1426698
"system.cpu.rename.blockCycles",10015681,10356680,2230757,2232925,1597842,1593968,1342243,1346625
"system.cpu.rename.committedMaps",281751363,281751363,50192994,50192994,108814283,108814283,22305456,22305456
"system.cpu.rename.fpLookups",891,891,888,889,925,925,872,872
"system.cpu.rename.idleCycles",9413840,9388898,6792808,6796531,14669764,14662574,4738709,4730727
"system.cpu.rename.intLookups",178173422,178173158,50419951,50426430,92295303,92247465,26248401,26238511
"system.cpu.rename.lookups",466970072,466969244,136451494,136477296,277637967,277494672,65273524,65238864
"system.cpu.rename.renamedInsts",123212310,123212120,40794669,40804152,72968123,72931847,20640180,20631172
"system.cpu.rename.renamedOperands",281948396,281947807,68761066,68773908,138370825,138298934,29308741,29293106
"system.cpu.rename.runCycles",10990912,11040558,5762022,5758083,11394374,11388343,2977325,2978369
"system.cpu.rename.serializeStallCycles",1357,1377,1177,1193,1211,1227,1340,1360
"system.cpu.rename.serializing",42,42,41,41,39,39,39,39
"system.cpu.rename.skidInsts",77132808,77044929,7001019,7117251,290793,292194,3048010,2980210
"system.cpu.rename.squashCycles",1843,1834,132819,132976,321053,320701,115265,115616
"system.cpu.rename.tempSerializing",42,42,40,40,40,40,40,40
"system.cpu.rename.unblockCycles",53874143,53811426,3988767,4006592,83470,84308,1887408,1898866
"system.cpu.rename.undoneMaps",197014,196425,18568043,18580885,29556523,29484632,7003266,6987631
"system.cpu.rob.reads",203233508,203536172,56644852,56670853,94010498,93965656,29969970,29967213
"system.cpu.rob.writes",246428087,246427657,81886836,81904524,144250221,144182455,41119064,41111380
"system.cpu.squashedInstsExamined",94768,94581,10334459,10342746,13855912,13824127,4530661,4527044
"system.cpu.squashedInstsIssued",51,58,470,439,12828,12722,270,59
"system.cpu.squashedNonSpecRemoved",35,35,53591,53572,35,37,74922,74904
"system.cpu.squashedOperandsExamined",229445,228399,23304266,23303793,26797934,26742404,7723238,7682293
"system.cpu.statIssuedInstType_0::total",0,0,0,0,0,0,0,0
"system.cpu.thread_0.numInsts",0,0,0,0,0,0,0,0
"system.cpu.thread_0.numMemRefs",0,0,0,0,0,0,0,0
"system.cpu.thread_0.numOps",0,0,0,0,0,0,0,0
"system.cpu.timesIdled",536,539,541,540,494,498,543,547
"system.cpu.vecAluAccesses",0,0,0,0,0,0,0,0
"system.cpu.vecInstQueueReads",0,0,0,0,0,0,0,0
"system.cpu.vecInstQueueWakeupAccesses",0,0,0,0,0,0,0,0
"system.cpu.vecInstQueueWrites",0,0,0,0,0,0,0,0
"system.cpu.workload.numSyscalls",22,22,23,23,20,20,21,21
"system.l2bus.pktCount::total",2,2,2,2,2,2,2,2
"system.l2bus.pktCount_system.cpu.dcache.mem_side_port::system.l2cache.cpu_side_port",2,2,2,2,2,2,2,2
"system.l2bus.pktCount_system.cpu.icache.mem_side_port::system.l2cache.cpu_side_port",2,2,2,2,2,2,2,2
"system.l2bus.pktSize::total",2,2,2,2,2,2,2,2
"system.l2bus.pktSize_system.cpu.dcache.mem_side_port::system.l2cache.cpu_side_port",2,2,2,2,2,2,2,2
"system.l2bus.pktSize_system.cpu.icache.mem_side_port::system.l2cache.cpu_side_port",2,2,2,2,2,2,2,2
"system.l2bus.power_state.pwrStateResidencyTicks::UNDEFINED",2,2,2,2,2,2,2,2
"system.l2bus.reqLayer0.occupancy",2,2,2,2,2,2,2,2
"system.l2bus.reqLayer0.utilization",2,2,2,2,2,2,2,2
"system.l2bus.respLayer0.occupancy",2,2,2,2,2,2,2,2
"system.l2bus.respLayer0.utilization",2,2,2,2,2,2,2,2
"system.l2bus.respLayer1.occupancy",2,2,2,2,2,2,2,2
"system.l2bus.respLayer1.utilization",2,2,2,2,2,2,2,2
"system.l2bus.snoopFanout::max_value",2,2,2,2,2,2,2,2
"system.l2bus.snoopFanout::mean",2,2,2,2,2,2,2,2
"system.l2bus.snoopFanout::min_value",2,2,2,2,2,2,2,2
"system.l2bus.snoopFanout::samples",2,2,2,2,2,2,2,2
"system.l2bus.snoopFanout::stdev",2,2,2,2,2,2,2,2
"system.l2bus.snoopFanout::total",2,2,2,2,2,2,2,2
"system.l2bus.snoopTraffic",2,2,2,2,2,2,2,2
"system.l2bus.snoop_filter.hitMultiRequests",2,2,2,2,2,2,2,2
"system.l2bus.snoop_filter.hitMultiSnoops",2,2,2,2,2,2,2,2
"system.l2bus.snoop_filter.hitSingleRequests",2,2,2,2,2,2,2,2
"system.l2bus.snoop_filter.hitSingleSnoops",2,2,2,2,2,2,2,2
"system.l2bus.snoop_filter.totRequests",2,2,2,2,2,2,2,2
"system.l2bus.snoop_filter.totSnoops",2,2,2,2,2,2,2,2
"system.l2bus.snoops",2,2,2,2,2,2,2,2
"system.l2bus.transDist::CleanEvict",2,2,2,2,2,2,2,2
"system.l2bus.transDist::ReadExReq",2,2,2,2,2,2,2,2
"system.l2bus.transDist::ReadExResp",2,2,2,2,2,2,2,2
"system.l2bus.transDist::ReadResp",2,2,2,2,2,2,2,2
"system.l2bus.transDist::ReadSharedReq",2,2,2,2,2,2,2,2
"system.l2bus.transDist::UpgradeReq",2,NA,NA,NA,NA,NA,NA,NA
"system.l2bus.transDist::UpgradeResp",2,NA,NA,NA,NA,NA,NA,NA
"system.l2bus.transDist::WritebackDirty",2,2,2,2,NA,NA,2,2
"system.l2cache.CleanEvict.mshrMisses::total",2,NA,2,NA,NA,NA,2,NA
"system.l2cache.CleanEvict.mshrMisses::writebacks",2,NA,2,NA,NA,NA,2,NA
"system.l2cache.ReadExReq.accesses::cpu.data",2,2,2,2,2,2,2,2
"system.l2cache.ReadExReq.accesses::total",2,2,2,2,2,2,2,2
"system.l2cache.ReadExReq.avgMissLatency::cpu.data",2,2,2,2,2,2,2,2
"system.l2cache.ReadExReq.avgMissLatency::total",2,2,2,2,2,2,2,2
"system.l2cache.ReadExReq.avgMshrMissLatency::cpu.data",2,2,2,2,2,2,2,2
"system.l2cache.ReadExReq.avgMshrMissLatency::total",2,2,2,2,2,2,2,2
"system.l2cache.ReadExReq.hits::cpu.data",2,2,2,2,NA,NA,2,2
"system.l2cache.ReadExReq.hits::total",2,2,2,2,NA,NA,2,2
"system.l2cache.ReadExReq.missLatency::cpu.data",2,2,2,2,2,2,2,2
"system.l2cache.ReadExReq.missLatency::total",2,2,2,2,2,2,2,2
"system.l2cache.ReadExReq.missRate::cpu.data",2,2,2,2,2,2,2,2
"system.l2cache.ReadExReq.missRate::total",2,2,2,2,2,2,2,2
"system.l2cache.ReadExReq.misses::cpu.data",2,2,2,2,2,2,2,2
"system.l2cache.ReadExReq.misses::total",2,2,2,2,2,2,2,2
"system.l2cache.ReadExReq.mshrMissLatency::cpu.data",2,2,2,2,2,2,2,2
"system.l2cache.ReadExReq.mshrMissLatency::total",2,2,2,2,2,2,2,2
"system.l2cache.ReadExReq.mshrMissRate::cpu.data",2,2,2,2,2,2,2,2
"system.l2cache.ReadExReq.mshrMissRate::total",2,2,2,2,2,2,2,2
"system.l2cache.ReadExReq.mshrMisses::cpu.data",2,2,2,2,2,2,2,2
"system.l2cache.ReadExReq.mshrMisses::total",2,2,2,2,2,2,2,2
"system.l2cache.ReadSharedReq.accesses::cpu.data",2,2,2,2,2,2,2,2
"system.l2cache.ReadSharedReq.accesses::cpu.inst",2,2,2,2,2,2,2,2
"system.l2cache.ReadSharedReq.accesses::total",2,2,2,2,2,2,2,2
"system.l2cache.ReadSharedReq.avgMissLatency::cpu.data",2,2,2,2,2,2,2,2
"system.l2cache.ReadSharedReq.avgMissLatency::cpu.inst",2,2,2,2,2,2,2,2
"system.l2cache.ReadSharedReq.avgMissLatency::total",2,2,2,2,2,2,2,2
"system.l2cache.ReadSharedReq.avgMshrMissLatency::cpu.data",2,2,2,2,2,2,2,2
"system.l2cache.ReadSharedReq.avgMshrMissLatency::cpu.inst",2,2,2,2,2,2,2,2
"system.l2cache.ReadSharedReq.avgMshrMissLatency::total",2,2,2,2,2,2,2,2
"system.l2cache.ReadSharedReq.hits::cpu.data",2,2,2,2,2,2,2,2
"system.l2cache.ReadSharedReq.hits::cpu.inst",2,2,2,2,2,2,2,2
"system.l2cache.ReadSharedReq.hits::total",2,2,2,2,2,2,2,2
"system.l2cache.ReadSharedReq.missLatency::cpu.data",2,2,2,2,2,2,2,2
"system.l2cache.ReadSharedReq.missLatency::cpu.inst",2,2,2,2,2,2,2,2
"system.l2cache.ReadSharedReq.missLatency::total",2,2,2,2,2,2,2,2
"system.l2cache.ReadSharedReq.missRate::cpu.data",2,2,2,2,2,2,2,2
"system.l2cache.ReadSharedReq.missRate::cpu.inst",2,2,2,2,2,2,2,2
"system.l2cache.ReadSharedReq.missRate::total",2,2,2,2,2,2,2,2
"system.l2cache.ReadSharedReq.misses::cpu.data",2,2,2,2,2,2,2,2
"system.l2cache.ReadSharedReq.misses::cpu.inst",2,2,2,2,2,2,2,2
"system.l2cache.ReadSharedReq.misses::total",2,2,2,2,2,2,2,2
"system.l2cache.ReadSharedReq.mshrMissLatency::cpu.data",2,2,2,2,2,2,2,2
"system.l2cache.ReadSharedReq.mshrMissLatency::cpu.inst",2,2,2,2,2,2,2,2
"system.l2cache.ReadSharedReq.mshrMissLatency::total",2,2,2,2,2,2,2,2
"system.l2cache.ReadSharedReq.mshrMissRate::cpu.data",2,2,2,2,2,2,2,2
"system.l2cache.ReadSharedReq.mshrMissRate::cpu.inst",2,2,2,2,2,2,2,2
"system.l2cache.ReadSharedReq.mshrMissRate::total",2,2,2,2,2,2,2,2
"system.l2cache.ReadSharedReq.mshrMisses::cpu.data",2,2,2,2,2,2,2,2
"system.l2cache.ReadSharedReq.mshrMisses::cpu.inst",2,2,2,2,2,2,2,2
"system.l2cache.ReadSharedReq.mshrMisses::total",2,2,2,2,2,2,2,2
"system.l2cache.UpgradeReq.accesses::cpu.data",2,NA,NA,NA,NA,NA,NA,NA
"system.l2cache.UpgradeReq.accesses::total",2,NA,NA,NA,NA,NA,NA,NA
"system.l2cache.UpgradeReq.hits::cpu.data",2,NA,NA,NA,NA,NA,NA,NA
"system.l2cache.UpgradeReq.hits::total",2,NA,NA,NA,NA,NA,NA,NA
"system.l2cache.WritebackDirty.accesses::total",2,2,2,2,NA,NA,2,2
"system.l2cache.WritebackDirty.accesses::writebacks",2,2,2,2,NA,NA,2,2
"system.l2cache.WritebackDirty.hits::total",2,2,2,2,NA,NA,2,2
"system.l2cache.WritebackDirty.hits::writebacks",2,2,2,2,NA,NA,2,2
"system.l2cache.blockedCauses::no_mshrs",2,2,2,2,2,2,2,2
"system.l2cache.blockedCauses::no_targets",2,2,2,2,2,2,2,2
"system.l2cache.blockedCycles::no_mshrs",2,2,2,2,2,2,2,2
"system.l2cache.blockedCycles::no_targets",2,2,2,2,2,2,2,2
"system.l2cache.demandAccesses::cpu.data",2,2,2,2,2,2,2,2
"system.l2cache.demandAccesses::cpu.inst",2,2,2,2,2,2,2,2
"system.l2cache.demandAccesses::total",2,2,2,2,2,2,2,2
"system.l2cache.demandAvgMissLatency::cpu.data",2,2,2,2,2,2,2,2
"system.l2cache.demandAvgMissLatency::cpu.inst",2,2,2,2,2,2,2,2
"system.l2cache.demandAvgMissLatency::total",2,2,2,2,2,2,2,2
"system.l2cache.demandAvgMshrMissLatency::cpu.data",2,2,2,2,2,2,2,2
"system.l2cache.demandAvgMshrMissLatency::cpu.inst",2,2,2,2,2,2,2,2
"system.l2cache.demandAvgMshrMissLatency::total",2,2,2,2,2,2,2,2
"system.l2cache.demandHits::cpu.data",2,2,2,2,2,2,2,2
"system.l2cache.demandHits::cpu.inst",2,2,2,2,2,2,2,2
"system.l2cache.demandHits::total",2,2,2,2,2,2,2,2
"system.l2cache.demandMissLatency::cpu.data",2,2,2,2,2,2,2,2
"system.l2cache.demandMissLatency::cpu.inst",2,2,2,2,2,2,2,2
"system.l2cache.demandMissLatency::total",2,2,2,2,2,2,2,2
"system.l2cache.demandMissRate::cpu.data",2,2,2,2,2,2,2,2
"system.l2cache.demandMissRate::cpu.inst",2,2,2,2,2,2,2,2
"system.l2cache.demandMissRate::total",2,2,2,2,2,2,2,2
"system.l2cache.demandMisses::cpu.data",2,2,2,2,2,2,2,2
"system.l2cache.demandMisses::cpu.inst",2,2,2,2,2,2,2,2
"system.l2cache.demandMisses::total",2,2,2,2,2,2,2,2
"system.l2cache.demandMshrMissLatency::cpu.data",2,2,2,2,2,2,2,2
"system.l2cache.demandMshrMissLatency::cpu.inst",2,2,2,2,2,2,2,2
"system.l2cache.demandMshrMissLatency::total",2,2,2,2,2,2,2,2
"system.l2cache.demandMshrMissRate::cpu.data",2,2,2,2,2,2,2,2
"system.l2cache.demandMshrMissRate::cpu.inst",2,2,2,2,2,2,2,2
"system.l2cache.demandMshrMissRate::total",2,2,2,2,2,2,2,2
"system.l2cache.demandMshrMisses::cpu.data",2,2,2,2,2,2,2,2
"system.l2cache.demandMshrMisses::cpu.inst",2,2,2,2,2,2,2,2
"system.l2cache.demandMshrMisses::total",2,2,2,2,2,2,2,2
"system.l2cache.overallAccesses::cpu.data",2,2,2,2,2,2,2,2
"system.l2cache.overallAccesses::cpu.inst",2,2,2,2,2,2,2,2
"system.l2cache.overallAccesses::total",2,2,2,2,2,2,2,2
"system.l2cache.overallAvgMissLatency::cpu.data",2,2,2,2,2,2,2,2
"system.l2cache.overallAvgMissLatency::cpu.inst",2,2,2,2,2,2,2,2
"system.l2cache.overallAvgMissLatency::total",2,2,2,2,2,2,2,2
"system.l2cache.overallAvgMshrMissLatency::cpu.data",2,2,2,2,2,2,2,2
"system.l2cache.overallAvgMshrMissLatency::cpu.inst",2,2,2,2,2,2,2,2
"system.l2cache.overallAvgMshrMissLatency::total",2,2,2,2,2,2,2,2
"system.l2cache.overallHits::cpu.data",2,2,2,2,2,2,2,2
"system.l2cache.overallHits::cpu.inst",2,2,2,2,2,2,2,2
"system.l2cache.overallHits::total",2,2,2,2,2,2,2,2
"system.l2cache.overallMissLatency::cpu.data",2,2,2,2,2,2,2,2
"system.l2cache.overallMissLatency::cpu.inst",2,2,2,2,2,2,2,2
"system.l2cache.overallMissLatency::total",2,2,2,2,2,2,2,2
"system.l2cache.overallMissRate::cpu.data",2,2,2,2,2,2,2,2
"system.l2cache.overallMissRate::cpu.inst",2,2,2,2,2,2,2,2
"system.l2cache.overallMissRate::total",2,2,2,2,2,2,2,2
"system.l2cache.overallMisses::cpu.data",2,2,2,2,2,2,2,2
"system.l2cache.overallMisses::cpu.inst",2,2,2,2,2,2,2,2
"system.l2cache.overallMisses::total",2,2,2,2,2,2,2,2
"system.l2cache.overallMshrMissLatency::cpu.data",2,2,2,2,2,2,2,2
"system.l2cache.overallMshrMissLatency::cpu.inst",2,2,2,2,2,2,2,2
"system.l2cache.overallMshrMissLatency::total",2,2,2,2,2,2,2,2
"system.l2cache.overallMshrMissRate::cpu.data",2,2,2,2,2,2,2,2
"system.l2cache.overallMshrMissRate::cpu.inst",2,2,2,2,2,2,2,2
"system.l2cache.overallMshrMissRate::total",2,2,2,2,2,2,2,2
"system.l2cache.overallMshrMisses::cpu.data",2,2,2,2,2,2,2,2
"system.l2cache.overallMshrMisses::cpu.inst",2,2,2,2,2,2,2,2
"system.l2cache.overallMshrMisses::total",2,2,2,2,2,2,2,2
"system.l2cache.power_state.pwrStateResidencyTicks::UNDEFINED",2,2,2,2,2,2,2,2
"system.l2cache.replacements",2,2,2,2,2,2,2,2
"system.l2cache.tags.ageTaskId_1024::0",2,2,2,2,2,2,2,2
"system.l2cache.tags.ageTaskId_1024::1",2,2,2,2,2,2,2,2
"system.l2cache.tags.ageTaskId_1024::2",2,2,2,2,NA,NA,NA,NA
"system.l2cache.tags.ageTaskId_1024::3",NA,NA,2,2,NA,NA,2,2
"system.l2cache.tags.ageTaskId_1024::4",2,2,2,2,2,2,2,2
"system.l2cache.tags.avgOccs::cpu.data",2,2,2,2,2,2,2,2
"system.l2cache.tags.avgOccs::cpu.inst",2,2,2,2,2,2,2,2
"system.l2cache.tags.avgOccs::total",2,2,2,2,2,2,2,2
"system.l2cache.tags.avgRefs",2,2,2,2,2,2,2,2
"system.l2cache.tags.dataAccesses",2,2,2,2,2,2,2,2
"system.l2cache.tags.occupancies::cpu.data",2,2,2,2,2,2,2,2
"system.l2cache.tags.occupancies::cpu.inst",2,2,2,2,2,2,2,2
"system.l2cache.tags.occupanciesTaskId::1024",2,2,2,2,2,2,2,2
"system.l2cache.tags.power_state.pwrStateResidencyTicks::UNDEFINED",2,2,2,2,2,2,2,2
"system.l2cache.tags.ratioOccsTaskId::1024",2,2,2,2,2,2,2,2
"system.l2cache.tags.sampledRefs",2,2,2,2,2,2,2,2
"system.l2cache.tags.tagAccesses",2,2,2,2,2,2,2,2
"system.l2cache.tags.tagsInUse",2,2,2,2,2,2,2,2
"system.l2cache.tags.totalRefs",2,2,2,2,2,2,2,2
"system.l2cache.tags.warmupTick",2,2,2,2,2,2,2,2
"system.l2cache.writebacks::total",2,NA,2,NA,NA,NA,NA,NA
"system.l2cache.writebacks::writebacks",2,NA,2,NA,NA,NA,NA,NA
"system.l3bus.pktCount_system.l2cache.mem_side_port::system.l3cache.cpu_side_port",3,3,3,3,3,3,3,3
"system.l3bus.pktSize_system.l2cache.mem_side_port::system.l3cache.cpu_side_port",3,3,3,3,3,3,3,3
"system.l3bus.power_state.pwrStateResidencyTicks::UNDEFINED",3,3,3,3,3,3,3,3
"system.l3bus.reqLayer0.occupancy",3,3,3,3,3,3,3,3
"system.l3bus.reqLayer0.utilization",3,3,3,3,3,3,3,3
"system.l3bus.respLayer0.occupancy",3,3,3,3,3,3,3,3
"system.l3bus.respLayer0.utilization",3,3,3,3,3,3,3,3
"system.l3bus.snoopFanout::max_value",3,3,3,3,3,3,3,3
"system.l3bus.snoopFanout::mean",3,3,3,3,3,3,3,3
"system.l3bus.snoopFanout::min_value",3,3,3,3,3,3,3,3
"system.l3bus.snoopFanout::samples",3,3,3,3,3,3,3,3
"system.l3bus.snoopFanout::stdev",3,3,3,3,3,3,3,3
"system.l3bus.snoopFanout::total",3,3,3,3,3,3,3,3
"system.l3bus.snoopTraffic",3,3,3,3,3,3,3,3
"system.l3bus.snoop_filter.hitMultiRequests",3,3,3,3,3,3,3,3
"system.l3bus.snoop_filter.hitMultiSnoops",3,3,3,3,3,3,3,3
"system.l3bus.snoop_filter.hitSingleRequests",3,3,3,3,3,3,3,3
"system.l3bus.snoop_filter.hitSingleSnoops",3,3,3,3,3,3,3,3
"system.l3bus.snoop_filter.totRequests",3,3,3,3,3,3,3,3
"system.l3bus.snoop_filter.totSnoops",3,3,3,3,3,3,3,3
"system.l3bus.snoops",3,3,3,3,3,3,3,3
"system.l3bus.transDist::CleanEvict",3,NA,3,NA,NA,NA,3,NA
"system.l3bus.transDist::ReadExReq",3,3,3,3,3,3,3,3
"system.l3bus.transDist::ReadExResp",3,3,3,3,3,3,3,3
"system.l3bus.transDist::ReadResp",3,3,3,3,3,3,3,3
"system.l3bus.transDist::ReadSharedReq",3,3,3,3,3,3,3,3
"system.l3bus.transDist::WritebackDirty",3,NA,3,NA,NA,NA,NA,NA
"system.l3cache.ReadExReq.accesses::cpu.data",3,3,3,3,3,3,3,3
"system.l3cache.ReadExReq.accesses::total",3,3,3,3,3,3,3,3
"system.l3cache.ReadExReq.avgMissLatency::cpu.data",3,3,3,3,3,3,3,3
"system.l3cache.ReadExReq.avgMissLatency::total",3,3,3,3,3,3,3,3
"system.l3cache.ReadExReq.avgMshrMissLatency::cpu.data",3,3,3,3,3,3,3,3
"system.l3cache.ReadExReq.avgMshrMissLatency::total",3,3,3,3,3,3,3,3
"system.l3cache.ReadExReq.missLatency::cpu.data",3,3,3,3,3,3,3,3
"system.l3cache.ReadExReq.missLatency::total",3,3,3,3,3,3,3,3
"system.l3cache.ReadExReq.missRate::cpu.data",3,3,3,3,3,3,3,3
"system.l3cache.ReadExReq.missRate::total",3,3,3,3,3,3,3,3
"system.l3cache.ReadExReq.misses::cpu.data",3,3,3,3,3,3,3,3
"system.l3cache.ReadExReq.misses::total",3,3,3,3,3,3,3,3
"system.l3cache.ReadExReq.mshrMissLatency::cpu.data",3,3,3,3,3,3,3,3
"system.l3cache.ReadExReq.mshrMissLatency::total",3,3,3,3,3,3,3,3
"system.l3cache.ReadExReq.mshrMissRate::cpu.data",3,3,3,3,3,3,3,3
"system.l3cache.ReadExReq.mshrMissRate::total",3,3,3,3,3,3,3,3
"system.l3cache.ReadExReq.mshrMisses::cpu.data",3,3,3,3,3,3,3,3
"system.l3cache.ReadExReq.mshrMisses::total",3,3,3,3,3,3,3,3
"system.l3cache.ReadSharedReq.accesses::cpu.data",3,3,3,3,3,3,3,3
"system.l3cache.ReadSharedReq.accesses::cpu.inst",3,3,3,3,3,3,3,3
"system.l3cache.ReadSharedReq.accesses::total",3,3,3,3,3,3,3,3
"system.l3cache.ReadSharedReq.avgMissLatency::cpu.data",3,3,3,3,3,3,3,3
"system.l3cache.ReadSharedReq.avgMissLatency::cpu.inst",3,3,3,3,3,3,3,3
"system.l3cache.ReadSharedReq.avgMissLatency::total",3,3,3,3,3,3,3,3
"system.l3cache.ReadSharedReq.avgMshrMissLatency::cpu.data",3,3,3,3,3,3,3,3
"system.l3cache.ReadSharedReq.avgMshrMissLatency::cpu.inst",3,3,3,3,3,3,3,3
"system.l3cache.ReadSharedReq.avgMshrMissLatency::total",3,3,3,3,3,3,3,3
"system.l3cache.ReadSharedReq.hits::cpu.data",3,NA,NA,NA,NA,NA,NA,NA
"system.l3cache.ReadSharedReq.hits::cpu.inst",3,NA,NA,NA,NA,NA,NA,NA
"system.l3cache.ReadSharedReq.hits::total",3,NA,NA,NA,NA,NA,NA,NA
"system.l3cache.ReadSharedReq.missLatency::cpu.data",3,3,3,3,3,3,3,3
"system.l3cache.ReadSharedReq.missLatency::cpu.inst",3,3,3,3,3,3,3,3
"system.l3cache.ReadSharedReq.missLatency::total",3,3,3,3,3,3,3,3
"system.l3cache.ReadSharedReq.missRate::cpu.data",3,3,3,3,3,3,3,3
"system.l3cache.ReadSharedReq.missRate::cpu.inst",3,3,3,3,3,3,3,3
"system.l3cache.ReadSharedReq.missRate::total",3,3,3,3,3,3,3,3
"system.l3cache.ReadSharedReq.misses::cpu.data",3,3,3,3,3,3,3,3
"system.l3cache.ReadSharedReq.misses::cpu.inst",3,3,3,3,3,3,3,3
"system.l3cache.ReadSharedReq.misses::total",3,3,3,3,3,3,3,3
"system.l3cache.ReadSharedReq.mshrMissLatency::cpu.data",3,3,3,3,3,3,3,3
"system.l3cache.ReadSharedReq.mshrMissLatency::cpu.inst",3,3,3,3,3,3,3,3
"system.l3cache.ReadSharedReq.mshrMissLatency::total",3,3,3,3,3,3,3,3
"system.l3cache.ReadSharedReq.mshrMissRate::cpu.data",3,3,3,3,3,3,3,3
"system.l3cache.ReadSharedReq.mshrMissRate::cpu.inst",3,3,3,3,3,3,3,3
"system.l3cache.ReadSharedReq.mshrMissRate::total",3,3,3,3,3,3,3,3
"system.l3cache.ReadSharedReq.mshrMisses::cpu.data",3,3,3,3,3,3,3,3
"system.l3cache.ReadSharedReq.mshrMisses::cpu.inst",3,3,3,3,3,3,3,3
"system.l3cache.ReadSharedReq.mshrMisses::total",3,3,3,3,3,3,3,3
"system.l3cache.WritebackDirty.accesses::total",3,NA,3,NA,NA,NA,NA,NA
"system.l3cache.WritebackDirty.accesses::writebacks",3,NA,3,NA,NA,NA,NA,NA
"system.l3cache.WritebackDirty.hits::total",3,NA,3,NA,NA,NA,NA,NA
"system.l3cache.WritebackDirty.hits::writebacks",3,NA,3,NA,NA,NA,NA,NA
"system.l3cache.blockedCauses::no_mshrs",3,3,3,3,3,3,3,3
"system.l3cache.blockedCauses::no_targets",3,3,3,3,3,3,3,3
"system.l3cache.blockedCycles::no_mshrs",3,3,3,3,3,3,3,3
"system.l3cache.blockedCycles::no_targets",3,3,3,3,3,3,3,3
"system.l3cache.demandAccesses::cpu.data",3,3,3,3,3,3,3,3
"system.l3cache.demandAccesses::cpu.inst",3,3,3,3,3,3,3,3
"system.l3cache.demandAccesses::total",3,3,3,3,3,3,3,3
"system.l3cache.demandAvgMissLatency::cpu.data",3,3,3,3,3,3,3,3
"system.l3cache.demandAvgMissLatency::cpu.inst",3,3,3,3,3,3,3,3
"system.l3cache.demandAvgMissLatency::total",3,3,3,3,3,3,3,3
"system.l3cache.demandAvgMshrMissLatency::cpu.data",3,3,3,3,3,3,3,3
"system.l3cache.demandAvgMshrMissLatency::cpu.inst",3,3,3,3,3,3,3,3
"system.l3cache.demandAvgMshrMissLatency::total",3,3,3,3,3,3,3,3
"system.l3cache.demandHits::cpu.data",3,NA,NA,NA,NA,NA,NA,NA
"system.l3cache.demandHits::cpu.inst",3,NA,NA,NA,NA,NA,NA,NA
"system.l3cache.demandHits::total",3,NA,NA,NA,NA,NA,NA,NA
"system.l3cache.demandMissLatency::cpu.data",3,3,3,3,3,3,3,3
"system.l3cache.demandMissLatency::cpu.inst",3,3,3,3,3,3,3,3
"system.l3cache.demandMissLatency::total",3,3,3,3,3,3,3,3
"system.l3cache.demandMissRate::cpu.data",3,3,3,3,3,3,3,3
"system.l3cache.demandMissRate::cpu.inst",3,3,3,3,3,3,3,3
"system.l3cache.demandMissRate::total",3,3,3,3,3,3,3,3
"system.l3cache.demandMisses::cpu.data",3,3,3,3,3,3,3,3
"system.l3cache.demandMisses::cpu.inst",3,3,3,3,3,3,3,3
"system.l3cache.demandMisses::total",3,3,3,3,3,3,3,3
"system.l3cache.demandMshrMissLatency::cpu.data",3,3,3,3,3,3,3,3
"system.l3cache.demandMshrMissLatency::cpu.inst",3,3,3,3,3,3,3,3
"system.l3cache.demandMshrMissLatency::total",3,3,3,3,3,3,3,3
"system.l3cache.demandMshrMissRate::cpu.data",3,3,3,3,3,3,3,3
"system.l3cache.demandMshrMissRate::cpu.inst",3,3,3,3,3,3,3,3
"system.l3cache.demandMshrMissRate::total",3,3,3,3,3,3,3,3
"system.l3cache.demandMshrMisses::cpu.data",3,3,3,3,3,3,3,3
"system.l3cache.demandMshrMisses::cpu.inst",3,3,3,3,3,3,3,3
"system.l3cache.demandMshrMisses::total",3,3,3,3,3,3,3,3
"system.l3cache.overallAccesses::cpu.data",3,3,3,3,3,3,3,3
"system.l3cache.overallAccesses::cpu.inst",3,3,3,3,3,3,3,3
"system.l3cache.overallAccesses::total",3,3,3,3,3,3,3,3
"system.l3cache.overallAvgMissLatency::cpu.data",3,3,3,3,3,3,3,3
"system.l3cache.overallAvgMissLatency::cpu.inst",3,3,3,3,3,3,3,3
"system.l3cache.overallAvgMissLatency::total",3,3,3,3,3,3,3,3
"system.l3cache.overallAvgMshrMissLatency::cpu.data",3,3,3,3,3,3,3,3
"system.l3cache.overallAvgMshrMissLatency::cpu.inst",3,3,3,3,3,3,3,3
"system.l3cache.overallAvgMshrMissLatency::total",3,3,3,3,3,3,3,3
"system.l3cache.overallHits::cpu.data",3,NA,NA,NA,NA,NA,NA,NA
"system.l3cache.overallHits::cpu.inst",3,NA,NA,NA,NA,NA,NA,NA
"system.l3cache.overallHits::total",3,NA,NA,NA,NA,NA,NA,NA
"system.l3cache.overallMissLatency::cpu.data",3,3,3,3,3,3,3,3
"system.l3cache.overallMissLatency::cpu.inst",3,3,3,3,3,3,3,3
"system.l3cache.overallMissLatency::total",3,3,3,3,3,3,3,3
"system.l3cache.overallMissRate::cpu.data",3,3,3,3,3,3,3,3
"system.l3cache.overallMissRate::cpu.inst",3,3,3,3,3,3,3,3
"system.l3cache.overallMissRate::total",3,3,3,3,3,3,3,3
"system.l3cache.overallMisses::cpu.data",3,3,3,3,3,3,3,3
"system.l3cache.overallMisses::cpu.inst",3,3,3,3,3,3,3,3
"system.l3cache.overallMisses::total",3,3,3,3,3,3,3,3
"system.l3cache.overallMshrMissLatency::cpu.data",3,3,3,3,3,3,3,3
"system.l3cache.overallMshrMissLatency::cpu.inst",3,3,3,3,3,3,3,3
"system.l3cache.overallMshrMissLatency::total",3,3,3,3,3,3,3,3
"system.l3cache.overallMshrMissRate::cpu.data",3,3,3,3,3,3,3,3
"system.l3cache.overallMshrMissRate::cpu.inst",3,3,3,3,3,3,3,3
"system.l3cache.overallMshrMissRate::total",3,3,3,3,3,3,3,3
"system.l3cache.overallMshrMisses::cpu.data",3,3,3,3,3,3,3,3
"system.l3cache.overallMshrMisses::cpu.inst",3,3,3,3,3,3,3,3
"system.l3cache.overallMshrMisses::total",3,3,3,3,3,3,3,3
"system.l3cache.power_state.pwrStateResidencyTicks::UNDEFINED",3,3,3,3,3,3,3,3
"system.l3cache.replacements",3,3,3,3,3,3,3,3
"system.l3cache.tags.ageTaskId_1024::0",3,3,3,3,3,3,3,3
"system.l3cache.tags.ageTaskId_1024::1",3,3,3,3,3,3,3,3
"system.l3cache.tags.ageTaskId_1024::2",3,3,3,3,NA,NA,NA,NA
"system.l3cache.tags.ageTaskId_1024::3",NA,NA,3,3,NA,NA,3,3
"system.l3cache.tags.ageTaskId_1024::4",3,3,3,3,3,3,3,3
"system.l3cache.tags.avgOccs::cpu.data",3,3,3,3,3,3,3,3
"system.l3cache.tags.avgOccs::cpu.inst",3,3,3,3,3,3,3,3
"system.l3cache.tags.avgOccs::total",3,3,3,3,3,3,3,3
"system.l3cache.tags.avgRefs",3,3,3,3,3,3,3,3
"system.l3cache.tags.dataAccesses",3,3,3,3,3,3,3,3
"system.l3cache.tags.occupancies::cpu.data",3,3,3,3,3,3,3,3
"system.l3cache.tags.occupancies::cpu.inst",3,3,3,3,3,3,3,3
"system.l3cache.tags.occupanciesTaskId::1024",3,3,3,3,3,3,3,3
"system.l3cache.tags.power_state.pwrStateResidencyTicks::UNDEFINED",3,3,3,3,3,3,3,3
"system.l3cache.tags.ratioOccsTaskId::1024",3,3,3,3,3,3,3,3
"system.l3cache.tags.sampledRefs",3,3,3,3,3,3,3,3
"system.l3cache.tags.tagAccesses",3,3,3,3,3,3,3,3
"system.l3cache.tags.tagsInUse",3,3,3,3,3,3,3,3
"system.l3cache.tags.totalRefs",3,3,3,3,3,3,3,3
"system.l3cache.tags.warmupTick",3,3,3,3,3,3,3,3
"system.mem_ctrl.avgGap",19672503.15,19739168.07,5902014.61,5909117.81,27112759.15,27073048.12,5130599.45,5136410.22
"system.mem_ctrl.avgPriority_cpu.data::samples",3505,3505,2413,2413,284,285,1345,1345
"system.mem_ctrl.avgPriority_cpu.inst::samples",784,785,804,804,754,754,827,827
"system.mem_ctrl.avgRdBWSys",3253267.03287886,3242279.82010874,10843638.9897416,10830601.9845828,2360495.47095566,2363957.52569554,12473894.9415703,12459779.1895658
"system.mem_ctrl.avgRdQLen",1,1,1,1,1,1,1.01,1.01
"system.mem_ctrl.avgWrBWSys",0,0,0,0,0,0,0,0
"system.mem_ctrl.avgWrQLen",0,0,0,0,0,0,0,0
"system.mem_ctrl.bytesReadSys",274496,274560,205888,205888,66432,66496,139008,139008
"system.mem_ctrl.bytesReadWrQ",0,0,0,0,0,0,0,0
"system.mem_ctrl.bytesWrittenSys",0,0,0,0,0,0,0,0
"system.mem_ctrl.dram.avgBusLat",5000,5000,5000,5000,5000,5000,5000,5000
"system.mem_ctrl.dram.avgMemAccLat",25510.9,26461.31,27089.14,27946.61,27173.89,28234.12,27346.11,27554.1
"system.mem_ctrl.dram.avgQLat",6760.9,7711.31,8339.14,9196.61,8423.89,9484.12,8596.11,8804.1
"system.mem_ctrl.dram.avgRdBW",3.253267,3.24228,10.843639,10.830602,2.360495,2.363958,12.473895,12.459779
"system.mem_ctrl.dram.avgWrBW",0,0,0,0,0,0,0,0
"system.mem_ctrl.dram.busUtil",0.03,0.03,0.08,0.08,0.02,0.02,0.1,0.1
"system.mem_ctrl.dram.busUtilRead",0.03,0.03,0.08,0.08,0.02,0.02,0.1,0.1
"system.mem_ctrl.dram.busUtilWrite",0,0,0,0,0,0,0,0
"system.mem_ctrl.dram.bwInstRead::cpu.inst",594675,593284,2710067,2706809,1714657,1715519,4749499,4744124
"system.mem_ctrl.dram.bwInstRead::total",594675,593284,2710067,2706809,1714657,1715519,4749499,4744124
"system.mem_ctrl.dram.bwRead::cpu.data",2658592,2648996,8133572,8123793,645839,648439,7724396,7715655
"system.mem_ctrl.dram.bwRead::cpu.inst",594675,593284,2710067,2706809,1714657,1715519,4749499,4744124
"system.mem_ctrl.dram.bwRead::total",3253267,3242280,10843639,10830602,2360495,2363958,12473895,12459779
"system.mem_ctrl.dram.bwTotal::cpu.data",2658592,2648996,8133572,8123793,645839,648439,7724396,7715655
"system.mem_ctrl.dram.bwTotal::cpu.inst",594675,593284,2710067,2706809,1714657,1715519,4749499,4744124
"system.mem_ctrl.dram.bwTotal::total",3253267,3242280,10843639,10830602,2360495,2363958,12473895,12459779
"system.mem_ctrl.dram.bytesInstRead::cpu.inst",50176,50240,51456,51456,48256,48256,52928,52928
"system.mem_ctrl.dram.bytesInstRead::total",50176,50240,51456,51456,48256,48256,52928,52928
"system.mem_ctrl.dram.bytesPerActivate::gmean",318.320141,311.553485,223.957346,221.982998,177.559918,179.342944,185.085349,184.482728
"system.mem_ctrl.dram.bytesPerActivate::mean",484.490231,477.314685,301.016153,296.837209,276.512821,273.478992,228.768212,227.661692
"system.mem_ctrl.dram.bytesPerActivate::samples",563,572,681,688,234,238,604,603
"system.mem_ctrl.dram.bytesPerActivate::stdev",365.345,365.70541,262.73588,259.87039,281.415204,273.155088,182.023104,180.506978
"system.mem_ctrl.dram.bytesPerActivate::total",563,572,681,688,234,238,604,603
"system.mem_ctrl.dram.bytesRead::cpu.data",224320,224320,154432,154432,18176,18240,86080,86080
"system.mem_ctrl.dram.bytesRead::cpu.inst",50176,50240,51456,51456,48256,48256,52928,52928
"system.mem_ctrl.dram.bytesRead::total",274496,274560,205888,205888,66432,66496,139008,139008
"system.mem_ctrl.dram.dramBytesRead",274496,274560,205888,205888,66432,66496,139008,139008
"system.mem_ctrl.dram.dramBytesWritten",0,0,0,0,0,0,0,0
"system.mem_ctrl.dram.numReads::cpu.data",3505,3505,2413,2413,284,285,1345,1345
"system.mem_ctrl.dram.numReads::cpu.inst",784,785,804,804,754,754,827,827
"system.mem_ctrl.dram.numReads::total",4289,4290,3217,3217,1038,1039,2172,2172
"system.mem_ctrl.dram.pageHitRate",86.76,86.53,78.68,78.46,76.78,76.42,72.01,71.92
"system.mem_ctrl.dram.peakBW",12800,12800,12800,12800,12800,12800,12800,12800
"system.mem_ctrl.dram.perBankRdBursts::0",0,0,0,0,0,0,0,0
"system.mem_ctrl.dram.perBankRdBursts::1",1,1,1,1,1,1,1,1
"system.mem_ctrl.dram.perBankRdBursts::10",10,10,10,10,10,10,10,10
"system.mem_ctrl.dram.perBankRdBursts::11",11,11,11,11,11,11,11,11
"system.mem_ctrl.dram.perBankRdBursts::12",12,12,12,12,12,12,12,12
"system.mem_ctrl.dram.perBankRdBursts::13",13,13,13,13,13,13,13,13
"system.mem_ctrl.dram.perBankRdBursts::14",14,14,14,14,14,14,14,14
"system.mem_ctrl.dram.perBankRdBursts::15",15,15,15,15,15,15,15,15
"system.mem_ctrl.dram.perBankRdBursts::2",2,2,2,2,2,2,2,2
"system.mem_ctrl.dram.perBankRdBursts::3",3,3,3,3,3,3,3,3
"system.mem_ctrl.dram.perBankRdBursts::4",4,4,4,4,4,4,4,4
"system.mem_ctrl.dram.perBankRdBursts::5",5,5,5,5,5,5,5,5
"system.mem_ctrl.dram.perBankRdBursts::6",6,6,6,6,6,6,6,6
"system.mem_ctrl.dram.perBankRdBursts::7",7,7,7,7,7,7,7,7
"system.mem_ctrl.dram.perBankRdBursts::8",8,8,8,8,8,8,8,8
"system.mem_ctrl.dram.perBankRdBursts::9",9,9,9,9,9,9,9,9
"system.mem_ctrl.dram.perBankWrBursts::0",0,0,0,0,0,0,0,0
"system.mem_ctrl.dram.perBankWrBursts::1",1,1,1,1,1,1,1,1
"system.mem_ctrl.dram.perBankWrBursts::10",10,10,10,10,10,10,10,10
"system.mem_ctrl.dram.perBankWrBursts::11",11,11,11,11,11,11,11,11
"system.mem_ctrl.dram.perBankWrBursts::12",12,12,12,12,12,12,12,12
"system.mem_ctrl.dram.perBankWrBursts::13",13,13,13,13,13,13,13,13
"system.mem_ctrl.dram.perBankWrBursts::14",14,14,14,14,14,14,14,14
"system.mem_ctrl.dram.perBankWrBursts::15",15,15,15,15,15,15,15,15
"system.mem_ctrl.dram.perBankWrBursts::2",2,2,2,2,2,2,2,2
"system.mem_ctrl.dram.perBankWrBursts::3",3,3,3,3,3,3,3,3
"system.mem_ctrl.dram.perBankWrBursts::4",4,4,4,4,4,4,4,4
"system.mem_ctrl.dram.perBankWrBursts::5",5,5,5,5,5,5,5,5
"system.mem_ctrl.dram.perBankWrBursts::6",6,6,6,6,6,6,6,6
"system.mem_ctrl.dram.perBankWrBursts::7",7,7,7,7,7,7,7,7
"system.mem_ctrl.dram.perBankWrBursts::8",8,8,8,8,8,8,8,8
"system.mem_ctrl.dram.perBankWrBursts::9",9,9,9,9,9,9,9,9
"system.mem_ctrl.dram.power_state.pwrStateResidencyTicks::UNDEFINED",84375490000,84681155000,18986984000,19009839000,28143244000,28129101000,11143913000,11156538000
"system.mem_ctrl.dram.rank0.actBackEnergy",0,0,0,0,0,0,0,0
"system.mem_ctrl.dram.rank0.actEnergy",0,0,0,0,0,0,0,0
"system.mem_ctrl.dram.rank0.actPowerDownEnergy",0,0,0,0,0,0,0,0
"system.mem_ctrl.dram.rank0.averagePower",0,0,0,0,0,0,0,0
"system.mem_ctrl.dram.rank0.preBackEnergy",0,0,0,0,0,0,0,0
"system.mem_ctrl.dram.rank0.preEnergy",0,0,0,0,0,0,0,0
"system.mem_ctrl.dram.rank0.prePowerDownEnergy",0,0,0,0,0,0,0,0
"system.mem_ctrl.dram.rank0.pwrStateTime::ACT",0,0,0,0,0,0,0,0
"system.mem_ctrl.dram.rank0.pwrStateTime::ACT_PDN",0,0,0,0,0,0,0,0
"system.mem_ctrl.dram.rank0.pwrStateTime::IDLE",0,0,0,0,0,0,0,0
"system.mem_ctrl.dram.rank0.pwrStateTime::PRE_PDN",0,0,0,0,0,0,0,0
"system.mem_ctrl.dram.rank0.pwrStateTime::REF",0,0,0,0,0,0,0,0
"system.mem_ctrl.dram.rank0.pwrStateTime::SREF",0,0,0,0,0,0,0,0
"system.mem_ctrl.dram.rank0.readEnergy",0,0,0,0,0,0,0,0
"system.mem_ctrl.dram.rank0.refreshEnergy",0,0,0,0,0,0,0,0
"system.mem_ctrl.dram.rank0.selfRefreshEnergy",0,0,0,0,0,0,0,0
"system.mem_ctrl.dram.rank0.totalEnergy",0,0,0,0,0,0,0,0
"system.mem_ctrl.dram.rank0.totalIdleTime",0,0,0,0,0,0,0,0
"system.mem_ctrl.dram.rank0.writeEnergy",0,0,0,0,0,0,0,0
"system.mem_ctrl.dram.rank1.actBackEnergy",1,1,1,1,1,1,1,1
"system.mem_ctrl.dram.rank1.actEnergy",1,1,1,1,1,1,1,1
"system.mem_ctrl.dram.rank1.actPowerDownEnergy",1,1,1,1,1,1,1,1
"system.mem_ctrl.dram.rank1.averagePower",1,1,1,1,1,1,1,1
"system.mem_ctrl.dram.rank1.preBackEnergy",1,1,1,1,1,1,1,1
"system.mem_ctrl.dram.rank1.preEnergy",1,1,1,1,1,1,1,1
"system.mem_ctrl.dram.rank1.prePowerDownEnergy",1,1,1,1,1,1,1,1
"system.mem_ctrl.dram.rank1.pwrStateTime::ACT",1,1,1,1,1,1,1,1
"system.mem_ctrl.dram.rank1.pwrStateTime::ACT_PDN",1,1,1,1,1,1,1,1
"system.mem_ctrl.dram.rank1.pwrStateTime::IDLE",1,1,1,1,1,1,1,1
"system.mem_ctrl.dram.rank1.pwrStateTime::PRE_PDN",1,1,1,1,1,1,1,1
"system.mem_ctrl.dram.rank1.pwrStateTime::REF",1,1,1,1,1,1,1,1
"system.mem_ctrl.dram.rank1.pwrStateTime::SREF",1,1,1,1,1,1,1,1
"system.mem_ctrl.dram.rank1.readEnergy",1,1,1,1,1,1,1,1
"system.mem_ctrl.dram.rank1.refreshEnergy",1,1,1,1,1,1,1,1
"system.mem_ctrl.dram.rank1.selfRefreshEnergy",1,1,1,1,1,1,1,1
"system.mem_ctrl.dram.rank1.totalEnergy",1,1,1,1,1,1,1,1
"system.mem_ctrl.dram.rank1.totalIdleTime",1,1,1,1,1,1,1,1
"system.mem_ctrl.dram.rank1.writeEnergy",1,1,1,1,1,1,1,1
"system.mem_ctrl.dram.readBursts",4289,4290,3217,3217,1038,1039,2172,2172
"system.mem_ctrl.dram.readRowHitRate",86.76,86.53,78.68,78.46,76.78,76.42,72.01,71.92
"system.mem_ctrl.dram.readRowHits",3721,3712,2531,2524,797,794,1564,1562
"system.mem_ctrl.dram.totBusLat",21445000,21450000,16085000,16085000,5190000,5195000,10860000,10860000
"system.mem_ctrl.dram.totMemAccLat",109416250,113519000,87145750,89904250,28206500,29335250,59395750,59847500
"system.mem_ctrl.dram.totQLat",28997500,33081500,26827000,29585500,8744000,9854000,18670750,19122500
"system.mem_ctrl.dram.writeBursts",0,0,0,0,0,0,0,0
"system.mem_ctrl.dram.writeRowHits",0,0,0,0,0,0,0,0
"system.mem_ctrl.mergedWrBursts",0,0,0,0,0,0,0,0
"system.mem_ctrl.neitherReadNorWriteReqs",0,0,0,0,0,0,0,0
"system.mem_ctrl.numRdRetry",0,0,0,0,0,0,0,0
"system.mem_ctrl.numReadWriteTurnArounds",0,0,0,0,0,0,0,0
"system.mem_ctrl.numStayReadState",30237,30322,11301,11308,9296,9292,7194,7196
"system.mem_ctrl.numStayWriteState",0,0,0,0,0,0,0,0
"system.mem_ctrl.numWrRetry",0,0,0,0,0,0,0,0
"system.mem_ctrl.numWriteReadTurnArounds",0,0,0,0,0,0,0,0
"system.mem_ctrl.power_state.pwrStateResidencyTicks::UNDEFINED",84375490000,84681155000,18986984000,19009839000,28143244000,28129101000,11143913000,11156538000
"system.mem_ctrl.priorityMaxLatency",5.745e-07,5.795e-07,5.75e-07,5.72e-07,5.735e-07,5.84e-07,5.775e-07,5.75e-07
"system.mem_ctrl.priorityMinLatency",1.875e-08,1.875e-08,1.875e-08,1.875e-08,1.875e-08,1.875e-08,1.875e-08,1.875e-08
"system.mem_ctrl.rdQLenPdf::0",0,0,0,0,0,0,0,0
"system.mem_ctrl.rdQLenPdf::1",1,1,1,1,1,1,1,1
"system.mem_ctrl.rdQLenPdf::10",10,10,10,10,10,10,10,10
"system.mem_ctrl.rdQLenPdf::11",11,11,11,11,11,11,11,11
"system.mem_ctrl.rdQLenPdf::12",12,12,12,12,12,12,12,12
"system.mem_ctrl.rdQLenPdf::13",13,13,13,13,13,13,13,13
"system.mem_ctrl.rdQLenPdf::14",14,14,14,14,14,14,14,14
"system.mem_ctrl.rdQLenPdf::15",15,15,15,15,15,15,15,15
"system.mem_ctrl.rdQLenPdf::16",16,16,16,16,16,16,16,16
"system.mem_ctrl.rdQLenPdf::17",17,17,17,17,17,17,17,17
"system.mem_ctrl.rdQLenPdf::18",18,18,18,18,18,18,18,18
"system.mem_ctrl.rdQLenPdf::19",19,19,19,19,19,19,19,19
"system.mem_ctrl.rdQLenPdf::2",2,2,2,2,2,2,2,2
"system.mem_ctrl.rdQLenPdf::20",20,20,20,20,20,20,20,20
"system.mem_ctrl.rdQLenPdf::21",21,21,21,21,21,21,21,21
"system.mem_ctrl.rdQLenPdf::22",22,22,22,22,22,22,22,22
"system.mem_ctrl.rdQLenPdf::23",23,23,23,23,23,23,23,23
"system.mem_ctrl.rdQLenPdf::24",24,24,24,24,24,24,24,24
"system.mem_ctrl.rdQLenPdf::25",25,25,25,25,25,25,25,25
"system.mem_ctrl.rdQLenPdf::26",26,26,26,26,26,26,26,26
"system.mem_ctrl.rdQLenPdf::27",27,27,27,27,27,27,27,27
"system.mem_ctrl.rdQLenPdf::28",28,28,28,28,28,28,28,28
"system.mem_ctrl.rdQLenPdf::29",29,29,29,29,29,29,29,29
"system.mem_ctrl.rdQLenPdf::3",3,3,3,3,3,3,3,3
"system.mem_ctrl.rdQLenPdf::30",30,30,30,30,30,30,30,30
"system.mem_ctrl.rdQLenPdf::31",31,31,31,31,31,31,31,31
"system.mem_ctrl.rdQLenPdf::4",4,4,4,4,4,4,4,4
"system.mem_ctrl.rdQLenPdf::5",5,5,5,5,5,5,5,5
"system.mem_ctrl.rdQLenPdf::6",6,6,6,6,6,6,6,6
"system.mem_ctrl.rdQLenPdf::7",7,7,7,7,7,7,7,7
"system.mem_ctrl.rdQLenPdf::8",8,8,8,8,8,8,8,8
"system.mem_ctrl.rdQLenPdf::9",9,9,9,9,9,9,9,9
"system.mem_ctrl.readBursts",4289,4290,3217,3217,1038,1039,2172,2172
"system.mem_ctrl.readPktSize::0",0,0,0,0,0,0,0,0
"system.mem_ctrl.readPktSize::1",1,1,1,1,1,1,1,1
"system.mem_ctrl.readPktSize::2",2,2,2,2,2,2,2,2
"system.mem_ctrl.readPktSize::3",3,3,3,3,3,3,3,3
"system.mem_ctrl.readPktSize::4",4,4,4,4,4,4,4,4
"system.mem_ctrl.readPktSize::5",5,5,5,5,5,5,5,5
"system.mem_ctrl.readPktSize::6",6,6,6,6,6,6,6,6
"system.mem_ctrl.readReqs",4289,4290,3217,3217,1038,1039,2172,2172
"system.mem_ctrl.requestorReadAccesses::cpu.data",3505,3505,2413,2413,284,285,1345,1345
"system.mem_ctrl.requestorReadAccesses::cpu.inst",784,785,804,804,754,754,827,827
"system.mem_ctrl.requestorReadAvgLat::cpu.data",25082.1,25682.81,27091.28,27692.6,28941.02,28534.21,26643.49,27225.46
"system.mem_ctrl.requestorReadAvgLat::cpu.inst",27427.93,29937.26,27082.71,28708.96,26508.29,28120.69,28488.81,28088.57
"system.mem_ctrl.requestorReadBytes::cpu.data",224320,224320,154432,154432,18176,18240,86080,86080
"system.mem_ctrl.requestorReadBytes::cpu.inst",50176,50240,51456,51456,48256,48256,52928,52928
"system.mem_ctrl.requestorReadRate::cpu.data",2658591.96788072,2648995.51736157,8133571.92485126,8123793.15784842,645838.837910797,648438.782313022,7724396.26906635,7715655.16112615
"system.mem_ctrl.requestorReadRate::cpu.inst",594675.064998141,593284.30274717,2710067.06489035,2706808.82673441,1714656.63304486,1715518.74338252,4749498.67250399,4744124.02843965
"system.mem_ctrl.requestorReadTotalLat::cpu.data",87912750,90018250,65371250,66822250,8219250,8132250,35835500,36618250
"system.mem_ctrl.requestorReadTotalLat::cpu.inst",21503500,23500750,21774500,23082000,19987250,21203000,23560250,23229250
"system.mem_ctrl.servicedByWrQ",0,0,0,0,0,0,0,0
"system.mem_ctrl.totGap",84375366000,84681031000,18986781000,19009632000,28143044000,28128897000,11143662000,11156283000
"system.mem_ctrl.wrQLenPdf::0",0,0,0,0,0,0,0,0
"system.mem_ctrl.wrQLenPdf::1",1,1,1,1,1,1,1,1
"system.mem_ctrl.wrQLenPdf::10",10,10,10,10,10,10,10,10
"system.mem_ctrl.wrQLenPdf::11",11,11,11,11,11,11,11,11
"system.mem_ctrl.wrQLenPdf::12",12,12,12,12,12,12,12,12
"system.mem_ctrl.wrQLenPdf::13",13,13,13,13,13,13,13,13
"system.mem_ctrl.wrQLenPdf::14",14,14,14,14,14,14,14,14
"system.mem_ctrl.wrQLenPdf::15",15,15,15,15,15,15,15,15
"system.mem_ctrl.wrQLenPdf::16",16,16,16,16,16,16,16,16
"system.mem_ctrl.wrQLenPdf::17",17,17,17,17,17,17,17,17
"system.mem_ctrl.wrQLenPdf::18",18,18,18,18,18,18,18,18
"system.mem_ctrl.wrQLenPdf::19",19,19,19,19,19,19,19,19
"system.mem_ctrl.wrQLenPdf::2",2,2,2,2,2,2,2,2
"system.mem_ctrl.wrQLenPdf::20",20,20,20,20,20,20,20,20
"system.mem_ctrl.wrQLenPdf::21",21,21,21,21,21,21,21,21
"system.mem_ctrl.wrQLenPdf::22",22,22,22,22,22,22,22,22
"system.mem_ctrl.wrQLenPdf::23",23,23,23,23,23,23,23,23
"system.mem_ctrl.wrQLenPdf::24",24,24,24,24,24,24,24,24
"system.mem_ctrl.wrQLenPdf::25",25,25,25,25,25,25,25,25
"system.mem_ctrl.wrQLenPdf::26",26,26,26,26,26,26,26,26
"system.mem_ctrl.wrQLenPdf::27",27,27,27,27,27,27,27,27
"system.mem_ctrl.wrQLenPdf::28",28,28,28,28,28,28,28,28
"system.mem_ctrl.wrQLenPdf::29",29,29,29,29,29,29,29,29
"system.mem_ctrl.wrQLenPdf::3",3,3,3,3,3,3,3,3
"system.mem_ctrl.wrQLenPdf::30",30,30,30,30,30,30,30,30
"system.mem_ctrl.wrQLenPdf::31",31,31,31,31,31,31,31,31
"system.mem_ctrl.wrQLenPdf::32",32,32,32,32,32,32,32,32
"system.mem_ctrl.wrQLenPdf::33",33,33,33,33,33,33,33,33
"system.mem_ctrl.wrQLenPdf::34",34,34,34,34,34,34,34,34
"system.mem_ctrl.wrQLenPdf::35",35,35,35,35,35,35,35,35
"system.mem_ctrl.wrQLenPdf::36",36,36,36,36,36,36,36,36
"system.mem_ctrl.wrQLenPdf::37",37,37,37,37,37,37,37,37
"system.mem_ctrl.wrQLenPdf::38",38,38,38,38,38,38,38,38
"system.mem_ctrl.wrQLenPdf::39",39,39,39,39,39,39,39,39
"system.mem_ctrl.wrQLenPdf::4",4,4,4,4,4,4,4,4
"system.mem_ctrl.wrQLenPdf::40",40,40,40,40,40,40,40,40
"system.mem_ctrl.wrQLenPdf::41",41,41,41,41,41,41,41,41
"system.mem_ctrl.wrQLenPdf::42",42,42,42,42,42,42,42,42
"system.mem_ctrl.wrQLenPdf::43",43,43,43,43,43,43,43,43
"system.mem_ctrl.wrQLenPdf::44",44,44,44,44,44,44,44,44
"system.mem_ctrl.wrQLenPdf::45",45,45,45,45,45,45,45,45
"system.mem_ctrl.wrQLenPdf::46",46,46,46,46,46,46,46,46
"system.mem_ctrl.wrQLenPdf::47",47,47,47,47,47,47,47,47
"system.mem_ctrl.wrQLenPdf::48",48,48,48,48,48,48,48,48
"system.mem_ctrl.wrQLenPdf::49",49,49,49,49,49,49,49,49
"system.mem_ctrl.wrQLenPdf::5",5,5,5,5,5,5,5,5
"system.mem_ctrl.wrQLenPdf::50",50,50,50,50,50,50,50,50
"system.mem_ctrl.wrQLenPdf::51",51,51,51,51,51,51,51,51
"system.mem_ctrl.wrQLenPdf::52",52,52,52,52,52,52,52,52
"system.mem_ctrl.wrQLenPdf::53",53,53,53,53,53,53,53,53
"system.mem_ctrl.wrQLenPdf::54",54,54,54,54,54,54,54,54
"system.mem_ctrl.wrQLenPdf::55",55,55,55,55,55,55,55,55
"system.mem_ctrl.wrQLenPdf::56",56,56,56,56,56,56,56,56
"system.mem_ctrl.wrQLenPdf::57",57,57,57,57,57,57,57,57
"system.mem_ctrl.wrQLenPdf::58",58,58,58,58,58,58,58,58
"system.mem_ctrl.wrQLenPdf::59",59,59,59,59,59,59,59,59
"system.mem_ctrl.wrQLenPdf::6",6,6,6,6,6,6,6,6
"system.mem_ctrl.wrQLenPdf::60",60,60,60,60,60,60,60,60
"system.mem_ctrl.wrQLenPdf::61",61,61,61,61,61,61,61,61
"system.mem_ctrl.wrQLenPdf::62",62,62,62,62,62,62,62,62
"system.mem_ctrl.wrQLenPdf::63",63,63,63,63,63,63,63,63
"system.mem_ctrl.wrQLenPdf::7",7,7,7,7,7,7,7,7
"system.mem_ctrl.wrQLenPdf::8",8,8,8,8,8,8,8,8
"system.mem_ctrl.wrQLenPdf::9",9,9,9,9,9,9,9,9
"system.mem_ctrl.writeBursts",0,0,0,0,0,0,0,0
"system.mem_ctrl.writePktSize::0",0,0,0,0,0,0,0,0
"system.mem_ctrl.writePktSize::1",1,1,1,1,1,1,1,1
"system.mem_ctrl.writePktSize::2",2,2,2,2,2,2,2,2
"system.mem_ctrl.writePktSize::3",3,3,3,3,3,3,3,3
"system.mem_ctrl.writePktSize::4",4,4,4,4,4,4,4,4
"system.mem_ctrl.writePktSize::5",5,5,5,5,5,5,5,5
"system.mem_ctrl.writePktSize::6",6,6,6,6,6,6,6,6
"system.mem_ctrl.writeReqs",0,0,0,0,0,0,0,0
"system.membus.pktCount::total",8578,8580,6434,6434,2076,2078,4344,4344
"system.membus.pktCount_system.l3cache.mem_side_port::system.mem_ctrl.port",3,3,3,3,3,3,3,3
"system.membus.pktCount_system.l3cache.mem_side_port::total",3,3,3,3,3,3,3,3
"system.membus.pktSize::total",274496,274560,205888,205888,66432,66496,139008,139008
"system.membus.pktSize_system.l3cache.mem_side_port::system.mem_ctrl.port",3,3,3,3,3,3,3,3
"system.membus.pktSize_system.l3cache.mem_side_port::total",3,3,3,3,3,3,3,3
"system.membus.power_state.pwrStateResidencyTicks::UNDEFINED",84375490000,84681155000,18986984000,19009839000,28143244000,28129101000,11143913000,11156538000
"system.membus.reqLayer2.occupancy",2,2,2,2,2,2,2,2
"system.membus.reqLayer2.utilization",2,2,2,2,2,2,2,2
"system.membus.respLayer0.occupancy",0,0,0,0,0,0,0,0
"system.membus.respLayer0.utilization",0,0,0,0,0,0,0,0
"system.membus.snoopFanout::max_value",0,0,0,0,0,0,0,0
"system.membus.snoopFanout::mean",0,0,0,0,0,0,0,0
"system.membus.snoopFanout::min_value",0,0,0,0,0,0,0,0
"system.membus.snoopFanout::samples",4289,4290,3217,3217,1038,1039,2172,2172
"system.membus.snoopFanout::stdev",0,0,0,0,0,0,0,0
"system.membus.snoopFanout::total",4289,4290,3217,3217,1038,1039,2172,2172
"system.membus.snoopTraffic",0,0,0,0,0,0,0,0
"system.membus.snoop_filter.hitMultiRequests",0,0,0,0,0,0,0,0
"system.membus.snoop_filter.hitMultiSnoops",0,0,0,0,0,0,0,0
"system.membus.snoop_filter.hitSingleRequests",0,0,0,0,0,0,0,0
"system.membus.snoop_filter.hitSingleSnoops",0,0,0,0,0,0,0,0
"system.membus.snoop_filter.totRequests",4289,4290,3217,3217,1038,1039,2172,2172
"system.membus.snoop_filter.totSnoops",0,0,0,0,0,0,0,0
"system.membus.snoops",0,0,0,0,0,0,0,0
"system.membus.transDist::ReadExReq",3365,3365,2274,2274,150,150,1191,1192
"system.membus.transDist::ReadExResp",3365,3365,2274,2274,150,150,1191,1192
"system.membus.transDist::ReadResp",924,925,943,943,888,889,981,980
"system.membus.transDist::ReadSharedReq",924,925,943,943,888,889,981,980
"system.workload.inst.arm",0,0,0,0,0,0,0,0
"system.workload.inst.quiesce",0,0,0,0,0,0,0,0
